setting,subject,seed,condition,time_window_key,top1_baseline,top5_baseline,top1_ablated,top5_ablated,top1_drop,top5_drop,mean_rank,median_rank,checkpoint_id
inter-subjects,1,1234,baseline,,0.2199999988079071,0.5249999761581421,0.2199999988079071,0.5249999761581421,0.0,0.0,13.625,5.0,inter-subjects-seed1234/sub-01-seed1234/checkpoint_test_best.pth
inter-subjects,1,1234,T0,T0_0-52ms,0.2199999988079071,0.5249999761581421,0.22499999403953552,0.5,-0.004999995231628418,0.02499997615814209,13.520000457763672,5.0,inter-subjects-seed1234/sub-01-seed1234/checkpoint_test_best.pth
inter-subjects,1,1234,T1,T1_52-152ms,0.2199999988079071,0.5249999761581421,0.05000000074505806,0.1899999976158142,0.16999999806284904,0.3349999785423279,45.584999084472656,34.0,inter-subjects-seed1234/sub-01-seed1234/checkpoint_test_best.pth
inter-subjects,1,1234,T2,T2_152-300ms,0.2199999988079071,0.5249999761581421,0.06499999761581421,0.1550000011920929,0.1550000011920929,0.3699999749660492,41.44499969482422,25.0,inter-subjects-seed1234/sub-01-seed1234/checkpoint_test_best.pth
inter-subjects,1,1234,T3,T3_300-500ms,0.2199999988079071,0.5249999761581421,0.07500000298023224,0.23999999463558197,0.14499999582767487,0.2849999815225601,29.354999542236328,16.0,inter-subjects-seed1234/sub-01-seed1234/checkpoint_test_best.pth
inter-subjects,1,1234,T4,T4_500-800ms,0.2199999988079071,0.5249999761581421,0.17499999701976776,0.46000000834465027,0.04500000178813934,0.06499996781349182,15.850000381469727,6.0,inter-subjects-seed1234/sub-01-seed1234/checkpoint_test_best.pth
inter-subjects,1,2025,baseline,,0.22499999403953552,0.5550000071525574,0.22499999403953552,0.5550000071525574,0.0,0.0,11.979999542236328,4.0,inter-subjects-seed2025/sub-01-seed2025/checkpoint_test_best.pth
inter-subjects,1,2025,T0,T0_0-52ms,0.22499999403953552,0.5550000071525574,0.22499999403953552,0.49000000953674316,0.0,0.06499999761581421,12.024999618530273,6.0,inter-subjects-seed2025/sub-01-seed2025/checkpoint_test_best.pth
inter-subjects,1,2025,T1,T1_52-152ms,0.22499999403953552,0.5550000071525574,0.06499999761581421,0.17499999701976776,0.1599999964237213,0.3800000101327896,45.1150016784668,31.0,inter-subjects-seed2025/sub-01-seed2025/checkpoint_test_best.pth
inter-subjects,1,2025,T2,T2_152-300ms,0.22499999403953552,0.5550000071525574,0.06499999761581421,0.17000000178813934,0.1599999964237213,0.38500000536441803,42.72999954223633,26.0,inter-subjects-seed2025/sub-01-seed2025/checkpoint_test_best.pth
inter-subjects,1,2025,T3,T3_300-500ms,0.22499999403953552,0.5550000071525574,0.04500000178813934,0.23499999940395355,0.17999999225139618,0.3200000077486038,30.575000762939453,18.0,inter-subjects-seed2025/sub-01-seed2025/checkpoint_test_best.pth
inter-subjects,1,2025,T4,T4_500-800ms,0.22499999403953552,0.5550000071525574,0.15000000596046448,0.4449999928474426,0.07499998807907104,0.11000001430511475,14.904999732971191,6.0,inter-subjects-seed2025/sub-01-seed2025/checkpoint_test_best.pth
inter-subjects,1,3407,baseline,,0.2199999988079071,0.5400000214576721,0.2199999988079071,0.5400000214576721,0.0,0.0,12.270000457763672,5.0,inter-subjects-seed3407/sub-01-seed3407/checkpoint_test_best.pth
inter-subjects,1,3407,T0,T0_0-52ms,0.2199999988079071,0.5400000214576721,0.1899999976158142,0.4950000047683716,0.030000001192092896,0.04500001668930054,13.585000038146973,6.0,inter-subjects-seed3407/sub-01-seed3407/checkpoint_test_best.pth
inter-subjects,1,3407,T1,T1_52-152ms,0.2199999988079071,0.5400000214576721,0.05000000074505806,0.19499999284744263,0.16999999806284904,0.3450000286102295,41.625,28.0,inter-subjects-seed3407/sub-01-seed3407/checkpoint_test_best.pth
inter-subjects,1,3407,T2,T2_152-300ms,0.2199999988079071,0.5400000214576721,0.03999999910593033,0.20499999821186066,0.17999999970197678,0.33500002324581146,37.59000015258789,24.0,inter-subjects-seed3407/sub-01-seed3407/checkpoint_test_best.pth
inter-subjects,1,3407,T3,T3_300-500ms,0.2199999988079071,0.5400000214576721,0.07999999821186066,0.23499999940395355,0.14000000059604645,0.30500002205371857,32.41999816894531,19.0,inter-subjects-seed3407/sub-01-seed3407/checkpoint_test_best.pth
inter-subjects,1,3407,T4,T4_500-800ms,0.2199999988079071,0.5400000214576721,0.1599999964237213,0.4650000035762787,0.06000000238418579,0.07500001788139343,15.015000343322754,6.0,inter-subjects-seed3407/sub-01-seed3407/checkpoint_test_best.pth
inter-subjects,1,42,baseline,,0.23999999463558197,0.5249999761581421,0.23999999463558197,0.5249999761581421,0.0,0.0,12.03499984741211,5.0,inter-subjects-seed42/sub-01-seed42/checkpoint_test_best.pth
inter-subjects,1,42,T0,T0_0-52ms,0.23999999463558197,0.5249999761581421,0.20999999344348907,0.5199999809265137,0.030000001192092896,0.004999995231628418,12.399999618530273,5.0,inter-subjects-seed42/sub-01-seed42/checkpoint_test_best.pth
inter-subjects,1,42,T1,T1_52-152ms,0.23999999463558197,0.5249999761581421,0.054999999701976776,0.18000000715255737,0.1849999949336052,0.3449999690055847,44.85499954223633,30.0,inter-subjects-seed42/sub-01-seed42/checkpoint_test_best.pth
inter-subjects,1,42,T2,T2_152-300ms,0.23999999463558197,0.5249999761581421,0.04500000178813934,0.1850000023841858,0.19499999284744263,0.3399999737739563,37.96500015258789,22.0,inter-subjects-seed42/sub-01-seed42/checkpoint_test_best.pth
inter-subjects,1,42,T3,T3_300-500ms,0.23999999463558197,0.5249999761581421,0.07000000029802322,0.2150000035762787,0.16999999433755875,0.3099999725818634,31.975000381469727,19.0,inter-subjects-seed42/sub-01-seed42/checkpoint_test_best.pth
inter-subjects,1,42,T4,T4_500-800ms,0.23999999463558197,0.5249999761581421,0.17000000178813934,0.4000000059604645,0.06999999284744263,0.12499997019767761,17.295000076293945,8.0,inter-subjects-seed42/sub-01-seed42/checkpoint_test_best.pth
inter-subjects,1,9999,baseline,,0.22499999403953552,0.5699999928474426,0.22499999403953552,0.5699999928474426,0.0,0.0,10.194999694824219,4.0,inter-subjects-seed9999/sub-01-seed9999/checkpoint_test_best.pth
inter-subjects,1,9999,T0,T0_0-52ms,0.22499999403953552,0.5699999928474426,0.1899999976158142,0.5400000214576721,0.034999996423721313,0.029999971389770508,10.869999885559082,4.0,inter-subjects-seed9999/sub-01-seed9999/checkpoint_test_best.pth
inter-subjects,1,9999,T1,T1_52-152ms,0.22499999403953552,0.5699999928474426,0.05999999865889549,0.2150000035762787,0.16499999538064003,0.35499998927116394,44.154998779296875,28.0,inter-subjects-seed9999/sub-01-seed9999/checkpoint_test_best.pth
inter-subjects,1,9999,T2,T2_152-300ms,0.22499999403953552,0.5699999928474426,0.03500000014901161,0.18000000715255737,0.1899999938905239,0.38999998569488525,37.5099983215332,23.0,inter-subjects-seed9999/sub-01-seed9999/checkpoint_test_best.pth
inter-subjects,1,9999,T3,T3_300-500ms,0.22499999403953552,0.5699999928474426,0.06499999761581421,0.20000000298023224,0.1599999964237213,0.3699999898672104,29.700000762939453,21.0,inter-subjects-seed9999/sub-01-seed9999/checkpoint_test_best.pth
inter-subjects,1,9999,T4,T4_500-800ms,0.22499999403953552,0.5699999928474426,0.1850000023841858,0.4699999988079071,0.03999999165534973,0.09999999403953552,15.579999923706055,6.0,inter-subjects-seed9999/sub-01-seed9999/checkpoint_test_best.pth
inter-subjects,2,1234,baseline,,0.2199999988079071,0.5,0.2199999988079071,0.5,0.0,0.0,13.149999618530273,5.0,inter-subjects-seed1234/sub-02-seed1234/checkpoint_test_best.pth
inter-subjects,2,1234,T0,T0_0-52ms,0.2199999988079071,0.5,0.2199999988079071,0.4950000047683716,0.0,0.004999995231628418,13.694999694824219,6.0,inter-subjects-seed1234/sub-02-seed1234/checkpoint_test_best.pth
inter-subjects,2,1234,T1,T1_52-152ms,0.2199999988079071,0.5,0.0949999988079071,0.3149999976158142,0.125,0.1850000023841858,26.94499969482422,15.0,inter-subjects-seed1234/sub-02-seed1234/checkpoint_test_best.pth
inter-subjects,2,1234,T2,T2_152-300ms,0.2199999988079071,0.5,0.04500000178813934,0.23000000417232513,0.17499999701976776,0.26999999582767487,30.110000610351562,21.0,inter-subjects-seed1234/sub-02-seed1234/checkpoint_test_best.pth
inter-subjects,2,1234,T3,T3_300-500ms,0.2199999988079071,0.5,0.11999999731779099,0.29499998688697815,0.10000000149011612,0.20500001311302185,29.905000686645508,17.0,inter-subjects-seed1234/sub-02-seed1234/checkpoint_test_best.pth
inter-subjects,2,1234,T4,T4_500-800ms,0.2199999988079071,0.5,0.20000000298023224,0.46000000834465027,0.019999995827674866,0.03999999165534973,15.835000038146973,6.0,inter-subjects-seed1234/sub-02-seed1234/checkpoint_test_best.pth
inter-subjects,2,2025,baseline,,0.26499998569488525,0.5149999856948853,0.26499998569488525,0.5149999856948853,0.0,0.0,11.3149995803833,5.0,inter-subjects-seed2025/sub-02-seed2025/checkpoint_test_best.pth
inter-subjects,2,2025,T0,T0_0-52ms,0.26499998569488525,0.5149999856948853,0.26499998569488525,0.5550000071525574,0.0,-0.04000002145767212,11.6899995803833,5.0,inter-subjects-seed2025/sub-02-seed2025/checkpoint_test_best.pth
inter-subjects,2,2025,T1,T1_52-152ms,0.26499998569488525,0.5149999856948853,0.13500000536441803,0.36000001430511475,0.12999998033046722,0.1549999713897705,25.0049991607666,13.0,inter-subjects-seed2025/sub-02-seed2025/checkpoint_test_best.pth
inter-subjects,2,2025,T2,T2_152-300ms,0.26499998569488525,0.5149999856948853,0.06499999761581421,0.19499999284744263,0.19999998807907104,0.3199999928474426,34.39500045776367,21.0,inter-subjects-seed2025/sub-02-seed2025/checkpoint_test_best.pth
inter-subjects,2,2025,T3,T3_300-500ms,0.26499998569488525,0.5149999856948853,0.0949999988079071,0.32499998807907104,0.16999998688697815,0.1899999976158142,26.075000762939453,15.0,inter-subjects-seed2025/sub-02-seed2025/checkpoint_test_best.pth
inter-subjects,2,2025,T4,T4_500-800ms,0.26499998569488525,0.5149999856948853,0.25,0.5,0.014999985694885254,0.014999985694885254,13.010000228881836,5.0,inter-subjects-seed2025/sub-02-seed2025/checkpoint_test_best.pth
inter-subjects,2,3407,baseline,,0.22499999403953552,0.5249999761581421,0.22499999403953552,0.5249999761581421,0.0,0.0,12.800000190734863,5.0,inter-subjects-seed3407/sub-02-seed3407/checkpoint_test_best.pth
inter-subjects,2,3407,T0,T0_0-52ms,0.22499999403953552,0.5249999761581421,0.22499999403953552,0.49000000953674316,0.0,0.034999966621398926,13.34000015258789,6.0,inter-subjects-seed3407/sub-02-seed3407/checkpoint_test_best.pth
inter-subjects,2,3407,T1,T1_52-152ms,0.22499999403953552,0.5249999761581421,0.10499999672174454,0.32499998807907104,0.11999999731779099,0.19999998807907104,26.06999969482422,14.0,inter-subjects-seed3407/sub-02-seed3407/checkpoint_test_best.pth
inter-subjects,2,3407,T2,T2_152-300ms,0.22499999403953552,0.5249999761581421,0.05000000074505806,0.23499999940395355,0.17499999329447746,0.28999997675418854,30.139999389648438,21.0,inter-subjects-seed3407/sub-02-seed3407/checkpoint_test_best.pth
inter-subjects,2,3407,T3,T3_300-500ms,0.22499999403953552,0.5249999761581421,0.10000000149011612,0.3149999976158142,0.1249999925494194,0.20999997854232788,25.549999237060547,12.0,inter-subjects-seed3407/sub-02-seed3407/checkpoint_test_best.pth
inter-subjects,2,3407,T4,T4_500-800ms,0.22499999403953552,0.5249999761581421,0.2150000035762787,0.4449999928474426,0.009999990463256836,0.07999998331069946,16.469999313354492,7.0,inter-subjects-seed3407/sub-02-seed3407/checkpoint_test_best.pth
inter-subjects,2,42,baseline,,0.22499999403953552,0.5,0.22499999403953552,0.5,0.0,0.0,11.970000267028809,5.0,inter-subjects-seed42/sub-02-seed42/checkpoint_test_best.pth
inter-subjects,2,42,T0,T0_0-52ms,0.22499999403953552,0.5,0.20999999344348907,0.49000000953674316,0.015000000596046448,0.009999990463256836,12.045000076293945,6.0,inter-subjects-seed42/sub-02-seed42/checkpoint_test_best.pth
inter-subjects,2,42,T1,T1_52-152ms,0.22499999403953552,0.5,0.08500000089406967,0.28999999165534973,0.13999999314546585,0.21000000834465027,25.350000381469727,15.0,inter-subjects-seed42/sub-02-seed42/checkpoint_test_best.pth
inter-subjects,2,42,T2,T2_152-300ms,0.22499999403953552,0.5,0.05000000074505806,0.20000000298023224,0.17499999329447746,0.29999999701976776,33.83000183105469,23.0,inter-subjects-seed42/sub-02-seed42/checkpoint_test_best.pth
inter-subjects,2,42,T3,T3_300-500ms,0.22499999403953552,0.5,0.10000000149011612,0.2849999964237213,0.1249999925494194,0.2150000035762787,29.325000762939453,16.0,inter-subjects-seed42/sub-02-seed42/checkpoint_test_best.pth
inter-subjects,2,42,T4,T4_500-800ms,0.22499999403953552,0.5,0.22499999403953552,0.4950000047683716,0.0,0.004999995231628418,15.28499984741211,6.0,inter-subjects-seed42/sub-02-seed42/checkpoint_test_best.pth
inter-subjects,2,9999,baseline,,0.2849999964237213,0.5400000214576721,0.2849999964237213,0.5400000214576721,0.0,0.0,10.960000038146973,5.0,inter-subjects-seed9999/sub-02-seed9999/checkpoint_test_best.pth
inter-subjects,2,9999,T0,T0_0-52ms,0.2849999964237213,0.5400000214576721,0.26499998569488525,0.5600000023841858,0.02000001072883606,-0.019999980926513672,11.270000457763672,5.0,inter-subjects-seed9999/sub-02-seed9999/checkpoint_test_best.pth
inter-subjects,2,9999,T1,T1_52-152ms,0.2849999964237213,0.5400000214576721,0.13500000536441803,0.3400000035762787,0.14999999105930328,0.20000001788139343,25.415000915527344,11.0,inter-subjects-seed9999/sub-02-seed9999/checkpoint_test_best.pth
inter-subjects,2,9999,T2,T2_152-300ms,0.2849999964237213,0.5400000214576721,0.05000000074505806,0.2150000035762787,0.23499999567866325,0.32500001788139343,31.704999923706055,21.0,inter-subjects-seed9999/sub-02-seed9999/checkpoint_test_best.pth
inter-subjects,2,9999,T3,T3_300-500ms,0.2849999964237213,0.5400000214576721,0.10000000149011612,0.3050000071525574,0.1849999949336052,0.23500001430511475,26.209999084472656,12.0,inter-subjects-seed9999/sub-02-seed9999/checkpoint_test_best.pth
inter-subjects,2,9999,T4,T4_500-800ms,0.2849999964237213,0.5400000214576721,0.23000000417232513,0.4699999988079071,0.05499999225139618,0.07000002264976501,13.779999732971191,6.0,inter-subjects-seed9999/sub-02-seed9999/checkpoint_test_best.pth
inter-subjects,3,1234,baseline,,0.11500000208616257,0.3449999988079071,0.11500000208616257,0.3449999988079071,0.0,0.0,15.930000305175781,8.0,inter-subjects-seed1234/sub-03-seed1234/checkpoint_test_best.pth
inter-subjects,3,1234,T0,T0_0-52ms,0.11500000208616257,0.3449999988079071,0.11500000208616257,0.3449999988079071,0.0,0.0,15.880000114440918,8.0,inter-subjects-seed1234/sub-03-seed1234/checkpoint_test_best.pth
inter-subjects,3,1234,T1,T1_52-152ms,0.11500000208616257,0.3449999988079071,0.05999999865889549,0.2549999952316284,0.055000003427267075,0.09000000357627869,34.595001220703125,15.0,inter-subjects-seed1234/sub-03-seed1234/checkpoint_test_best.pth
inter-subjects,3,1234,T2,T2_152-300ms,0.11500000208616257,0.3449999988079071,0.03500000014901161,0.10499999672174454,0.08000000193715096,0.24000000208616257,49.0,37.0,inter-subjects-seed1234/sub-03-seed1234/checkpoint_test_best.pth
inter-subjects,3,1234,T3,T3_300-500ms,0.11500000208616257,0.3449999988079071,0.02500000037252903,0.14499999582767487,0.09000000171363354,0.20000000298023224,42.665000915527344,26.0,inter-subjects-seed1234/sub-03-seed1234/checkpoint_test_best.pth
inter-subjects,3,1234,T4,T4_500-800ms,0.11500000208616257,0.3449999988079071,0.03999999910593033,0.2750000059604645,0.07500000298023224,0.06999999284744263,21.309999465942383,11.0,inter-subjects-seed1234/sub-03-seed1234/checkpoint_test_best.pth
inter-subjects,3,2025,baseline,,0.18000000715255737,0.42500001192092896,0.18000000715255737,0.42500001192092896,0.0,0.0,14.8149995803833,7.0,inter-subjects-seed2025/sub-03-seed2025/checkpoint_test_best.pth
inter-subjects,3,2025,T0,T0_0-52ms,0.18000000715255737,0.42500001192092896,0.18000000715255737,0.4300000071525574,0.0,-0.004999995231628418,14.720000267028809,7.0,inter-subjects-seed2025/sub-03-seed2025/checkpoint_test_best.pth
inter-subjects,3,2025,T1,T1_52-152ms,0.18000000715255737,0.42500001192092896,0.07500000298023224,0.26499998569488525,0.10500000417232513,0.1600000262260437,32.724998474121094,17.0,inter-subjects-seed2025/sub-03-seed2025/checkpoint_test_best.pth
inter-subjects,3,2025,T2,T2_152-300ms,0.18000000715255737,0.42500001192092896,0.029999999329447746,0.14000000059604645,0.15000000782310963,0.2850000113248825,43.345001220703125,29.0,inter-subjects-seed2025/sub-03-seed2025/checkpoint_test_best.pth
inter-subjects,3,2025,T3,T3_300-500ms,0.18000000715255737,0.42500001192092896,0.05000000074505806,0.23999999463558197,0.1300000064074993,0.18500001728534698,36.435001373291016,21.0,inter-subjects-seed2025/sub-03-seed2025/checkpoint_test_best.pth
inter-subjects,3,2025,T4,T4_500-800ms,0.18000000715255737,0.42500001192092896,0.15000000596046448,0.4050000011920929,0.030000001192092896,0.02000001072883606,18.739999771118164,8.0,inter-subjects-seed2025/sub-03-seed2025/checkpoint_test_best.pth
inter-subjects,3,3407,baseline,,0.14499999582767487,0.4000000059604645,0.14499999582767487,0.4000000059604645,0.0,0.0,15.145000457763672,9.0,inter-subjects-seed3407/sub-03-seed3407/checkpoint_test_best.pth
inter-subjects,3,3407,T0,T0_0-52ms,0.14499999582767487,0.4000000059604645,0.14499999582767487,0.38499999046325684,0.0,0.015000015497207642,15.0649995803833,9.0,inter-subjects-seed3407/sub-03-seed3407/checkpoint_test_best.pth
inter-subjects,3,3407,T1,T1_52-152ms,0.14499999582767487,0.4000000059604645,0.07500000298023224,0.22499999403953552,0.06999999284744263,0.17500001192092896,31.405000686645508,19.0,inter-subjects-seed3407/sub-03-seed3407/checkpoint_test_best.pth
inter-subjects,3,3407,T2,T2_152-300ms,0.14499999582767487,0.4000000059604645,0.029999999329447746,0.11500000208616257,0.11499999649822712,0.2850000038743019,43.45500183105469,30.0,inter-subjects-seed3407/sub-03-seed3407/checkpoint_test_best.pth
inter-subjects,3,3407,T3,T3_300-500ms,0.14499999582767487,0.4000000059604645,0.04500000178813934,0.18000000715255737,0.09999999403953552,0.2199999988079071,39.38999938964844,27.0,inter-subjects-seed3407/sub-03-seed3407/checkpoint_test_best.pth
inter-subjects,3,3407,T4,T4_500-800ms,0.14499999582767487,0.4000000059604645,0.11999999731779099,0.3199999928474426,0.02499999850988388,0.08000001311302185,19.795000076293945,11.0,inter-subjects-seed3407/sub-03-seed3407/checkpoint_test_best.pth
inter-subjects,3,42,baseline,,0.11500000208616257,0.3400000035762787,0.11500000208616257,0.3400000035762787,0.0,0.0,15.4399995803833,9.0,inter-subjects-seed42/sub-03-seed42/checkpoint_test_best.pth
inter-subjects,3,42,T0,T0_0-52ms,0.11500000208616257,0.3400000035762787,0.125,0.36000001430511475,-0.009999997913837433,-0.02000001072883606,15.274999618530273,9.0,inter-subjects-seed42/sub-03-seed42/checkpoint_test_best.pth
inter-subjects,3,42,T1,T1_52-152ms,0.11500000208616257,0.3400000035762787,0.08500000089406967,0.24500000476837158,0.030000001192092896,0.0949999988079071,31.729999542236328,17.0,inter-subjects-seed42/sub-03-seed42/checkpoint_test_best.pth
inter-subjects,3,42,T2,T2_152-300ms,0.11500000208616257,0.3400000035762787,0.03500000014901161,0.13500000536441803,0.08000000193715096,0.20499999821186066,45.35499954223633,32.0,inter-subjects-seed42/sub-03-seed42/checkpoint_test_best.pth
inter-subjects,3,42,T3,T3_300-500ms,0.11500000208616257,0.3400000035762787,0.04500000178813934,0.1599999964237213,0.07000000029802322,0.18000000715255737,39.875,27.0,inter-subjects-seed42/sub-03-seed42/checkpoint_test_best.pth
inter-subjects,3,42,T4,T4_500-800ms,0.11500000208616257,0.3400000035762787,0.054999999701976776,0.29499998688697815,0.06000000238418579,0.04500001668930054,21.114999771118164,11.0,inter-subjects-seed42/sub-03-seed42/checkpoint_test_best.pth
inter-subjects,3,9999,baseline,,0.12999999523162842,0.41499999165534973,0.12999999523162842,0.41499999165534973,0.0,0.0,15.244999885559082,7.0,inter-subjects-seed9999/sub-03-seed9999/checkpoint_test_best.pth
inter-subjects,3,9999,T0,T0_0-52ms,0.12999999523162842,0.41499999165534973,0.12999999523162842,0.4050000011920929,0.0,0.009999990463256836,15.654999732971191,8.0,inter-subjects-seed9999/sub-03-seed9999/checkpoint_test_best.pth
inter-subjects,3,9999,T1,T1_52-152ms,0.12999999523162842,0.41499999165534973,0.07999999821186066,0.26499998569488525,0.04999999701976776,0.15000000596046448,34.255001068115234,20.0,inter-subjects-seed9999/sub-03-seed9999/checkpoint_test_best.pth
inter-subjects,3,9999,T2,T2_152-300ms,0.12999999523162842,0.41499999165534973,0.03999999910593033,0.125,0.08999999612569809,0.28999999165534973,49.209999084472656,36.0,inter-subjects-seed9999/sub-03-seed9999/checkpoint_test_best.pth
inter-subjects,3,9999,T3,T3_300-500ms,0.12999999523162842,0.41499999165534973,0.02500000037252903,0.14000000059604645,0.10499999485909939,0.2749999910593033,44.61000061035156,30.0,inter-subjects-seed9999/sub-03-seed9999/checkpoint_test_best.pth
inter-subjects,3,9999,T4,T4_500-800ms,0.12999999523162842,0.41499999165534973,0.08500000089406967,0.3149999976158142,0.044999994337558746,0.09999999403953552,22.094999313354492,12.0,inter-subjects-seed9999/sub-03-seed9999/checkpoint_test_best.pth
inter-subjects,4,1234,baseline,,0.18000000715255737,0.5199999809265137,0.18000000715255737,0.5199999809265137,0.0,0.0,12.8100004196167,5.0,inter-subjects-seed1234/sub-04-seed1234/checkpoint_test_best.pth
inter-subjects,4,1234,T0,T0_0-52ms,0.18000000715255737,0.5199999809265137,0.18000000715255737,0.5149999856948853,0.0,0.004999995231628418,12.800000190734863,5.0,inter-subjects-seed1234/sub-04-seed1234/checkpoint_test_best.pth
inter-subjects,4,1234,T1,T1_52-152ms,0.18000000715255737,0.5199999809265137,0.10499999672174454,0.23999999463558197,0.07500001043081284,0.2799999862909317,41.619998931884766,19.0,inter-subjects-seed1234/sub-04-seed1234/checkpoint_test_best.pth
inter-subjects,4,1234,T2,T2_152-300ms,0.18000000715255737,0.5199999809265137,0.05000000074505806,0.1850000023841858,0.1300000064074993,0.3349999785423279,35.224998474121094,20.0,inter-subjects-seed1234/sub-04-seed1234/checkpoint_test_best.pth
inter-subjects,4,1234,T3,T3_300-500ms,0.18000000715255737,0.5199999809265137,0.10000000149011612,0.28999999165534973,0.08000000566244125,0.22999998927116394,26.270000457763672,15.0,inter-subjects-seed1234/sub-04-seed1234/checkpoint_test_best.pth
inter-subjects,4,1234,T4,T4_500-800ms,0.18000000715255737,0.5199999809265137,0.1899999976158142,0.45500001311302185,-0.009999990463256836,0.06499996781349182,15.84000015258789,6.0,inter-subjects-seed1234/sub-04-seed1234/checkpoint_test_best.pth
inter-subjects,4,2025,baseline,,0.19499999284744263,0.5049999952316284,0.19499999284744263,0.5049999952316284,0.0,0.0,12.944999694824219,5.0,inter-subjects-seed2025/sub-04-seed2025/checkpoint_test_best.pth
inter-subjects,4,2025,T0,T0_0-52ms,0.19499999284744263,0.5049999952316284,0.1899999976158142,0.5099999904632568,0.004999995231628418,-0.004999995231628418,13.454999923706055,5.0,inter-subjects-seed2025/sub-04-seed2025/checkpoint_test_best.pth
inter-subjects,4,2025,T1,T1_52-152ms,0.19499999284744263,0.5049999952316284,0.07500000298023224,0.25,0.11999998986721039,0.2549999952316284,36.43000030517578,16.0,inter-subjects-seed2025/sub-04-seed2025/checkpoint_test_best.pth
inter-subjects,4,2025,T2,T2_152-300ms,0.19499999284744263,0.5049999952316284,0.05000000074505806,0.1599999964237213,0.14499999210238457,0.3449999988079071,38.98500061035156,25.0,inter-subjects-seed2025/sub-04-seed2025/checkpoint_test_best.pth
inter-subjects,4,2025,T3,T3_300-500ms,0.19499999284744263,0.5049999952316284,0.07999999821186066,0.29499998688697815,0.11499999463558197,0.21000000834465027,26.440000534057617,13.0,inter-subjects-seed2025/sub-04-seed2025/checkpoint_test_best.pth
inter-subjects,4,2025,T4,T4_500-800ms,0.19499999284744263,0.5049999952316284,0.17000000178813934,0.44999998807907104,0.024999991059303284,0.05500000715255737,15.430000305175781,7.0,inter-subjects-seed2025/sub-04-seed2025/checkpoint_test_best.pth
inter-subjects,4,3407,baseline,,0.1850000023841858,0.5099999904632568,0.1850000023841858,0.5099999904632568,0.0,0.0,12.524999618530273,5.0,inter-subjects-seed3407/sub-04-seed3407/checkpoint_test_best.pth
inter-subjects,4,3407,T0,T0_0-52ms,0.1850000023841858,0.5099999904632568,0.17499999701976776,0.46000000834465027,0.01000000536441803,0.04999998211860657,13.505000114440918,6.0,inter-subjects-seed3407/sub-04-seed3407/checkpoint_test_best.pth
inter-subjects,4,3407,T1,T1_52-152ms,0.1850000023841858,0.5099999904632568,0.07999999821186066,0.23499999940395355,0.10500000417232513,0.2749999910593033,39.279998779296875,22.0,inter-subjects-seed3407/sub-04-seed3407/checkpoint_test_best.pth
inter-subjects,4,3407,T2,T2_152-300ms,0.1850000023841858,0.5099999904632568,0.05999999865889549,0.18000000715255737,0.1250000037252903,0.32999998331069946,37.45000076293945,23.0,inter-subjects-seed3407/sub-04-seed3407/checkpoint_test_best.pth
inter-subjects,4,3407,T3,T3_300-500ms,0.1850000023841858,0.5099999904632568,0.07500000298023224,0.29499998688697815,0.10999999940395355,0.2150000035762787,24.40999984741211,14.0,inter-subjects-seed3407/sub-04-seed3407/checkpoint_test_best.pth
inter-subjects,4,3407,T4,T4_500-800ms,0.1850000023841858,0.5099999904632568,0.17499999701976776,0.5099999904632568,0.01000000536441803,0.0,14.979999542236328,5.0,inter-subjects-seed3407/sub-04-seed3407/checkpoint_test_best.pth
inter-subjects,4,42,baseline,,0.20499999821186066,0.5099999904632568,0.20499999821186066,0.5099999904632568,0.0,0.0,12.095000267028809,5.0,inter-subjects-seed42/sub-04-seed42/checkpoint_test_best.pth
inter-subjects,4,42,T0,T0_0-52ms,0.20499999821186066,0.5099999904632568,0.20000000298023224,0.5049999952316284,0.004999995231628418,0.004999995231628418,12.59000015258789,5.0,inter-subjects-seed42/sub-04-seed42/checkpoint_test_best.pth
inter-subjects,4,42,T1,T1_52-152ms,0.20499999821186066,0.5099999904632568,0.0949999988079071,0.2549999952316284,0.10999999940395355,0.2549999952316284,33.540000915527344,16.0,inter-subjects-seed42/sub-04-seed42/checkpoint_test_best.pth
inter-subjects,4,42,T2,T2_152-300ms,0.20499999821186066,0.5099999904632568,0.05999999865889549,0.1899999976158142,0.14499999955296516,0.3199999928474426,34.974998474121094,18.0,inter-subjects-seed42/sub-04-seed42/checkpoint_test_best.pth
inter-subjects,4,42,T3,T3_300-500ms,0.20499999821186066,0.5099999904632568,0.10000000149011612,0.26499998569488525,0.10499999672174454,0.24500000476837158,24.469999313354492,11.0,inter-subjects-seed42/sub-04-seed42/checkpoint_test_best.pth
inter-subjects,4,42,T4,T4_500-800ms,0.20499999821186066,0.5099999904632568,0.18000000715255737,0.42500001192092896,0.024999991059303284,0.08499997854232788,16.709999084472656,7.0,inter-subjects-seed42/sub-04-seed42/checkpoint_test_best.pth
inter-subjects,4,9999,baseline,,0.20000000298023224,0.5600000023841858,0.20000000298023224,0.5600000023841858,0.0,0.0,12.545000076293945,5.0,inter-subjects-seed9999/sub-04-seed9999/checkpoint_test_best.pth
inter-subjects,4,9999,T0,T0_0-52ms,0.20000000298023224,0.5600000023841858,0.1899999976158142,0.5450000166893005,0.01000000536441803,0.014999985694885254,13.675000190734863,5.0,inter-subjects-seed9999/sub-04-seed9999/checkpoint_test_best.pth
inter-subjects,4,9999,T1,T1_52-152ms,0.20000000298023224,0.5600000023841858,0.07999999821186066,0.26499998569488525,0.12000000476837158,0.29500001668930054,38.88999938964844,20.0,inter-subjects-seed9999/sub-04-seed9999/checkpoint_test_best.pth
inter-subjects,4,9999,T2,T2_152-300ms,0.20000000298023224,0.5600000023841858,0.07500000298023224,0.19499999284744263,0.125,0.36500000953674316,36.185001373291016,22.0,inter-subjects-seed9999/sub-04-seed9999/checkpoint_test_best.pth
inter-subjects,4,9999,T3,T3_300-500ms,0.20000000298023224,0.5600000023841858,0.05999999865889549,0.24500000476837158,0.14000000432133675,0.3149999976158142,27.565000534057617,16.0,inter-subjects-seed9999/sub-04-seed9999/checkpoint_test_best.pth
inter-subjects,4,9999,T4,T4_500-800ms,0.20000000298023224,0.5600000023841858,0.16500000655651093,0.48500001430511475,0.034999996423721313,0.07499998807907104,15.104999542236328,6.0,inter-subjects-seed9999/sub-04-seed9999/checkpoint_test_best.pth
inter-subjects,5,1234,baseline,,0.1550000011920929,0.45500001311302185,0.1550000011920929,0.45500001311302185,0.0,0.0,15.40999984741211,7.0,inter-subjects-seed1234/sub-05-seed1234/checkpoint_test_best.pth
inter-subjects,5,1234,T0,T0_0-52ms,0.1550000011920929,0.45500001311302185,0.17000000178813934,0.4699999988079071,-0.015000000596046448,-0.014999985694885254,15.194999694824219,6.0,inter-subjects-seed1234/sub-05-seed1234/checkpoint_test_best.pth
inter-subjects,5,1234,T1,T1_52-152ms,0.1550000011920929,0.45500001311302185,0.13500000536441803,0.28999999165534973,0.019999995827674866,0.16500002145767212,27.795000076293945,12.0,inter-subjects-seed1234/sub-05-seed1234/checkpoint_test_best.pth
inter-subjects,5,1234,T2,T2_152-300ms,0.1550000011920929,0.45500001311302185,0.03500000014901161,0.16500000655651093,0.12000000104308128,0.2900000065565109,43.029998779296875,26.0,inter-subjects-seed1234/sub-05-seed1234/checkpoint_test_best.pth
inter-subjects,5,1234,T3,T3_300-500ms,0.1550000011920929,0.45500001311302185,0.0949999988079071,0.22499999403953552,0.06000000238418579,0.23000001907348633,27.950000762939453,15.0,inter-subjects-seed1234/sub-05-seed1234/checkpoint_test_best.pth
inter-subjects,5,1234,T4,T4_500-800ms,0.1550000011920929,0.45500001311302185,0.11999999731779099,0.36500000953674316,0.03500000387430191,0.09000000357627869,20.479999542236328,9.0,inter-subjects-seed1234/sub-05-seed1234/checkpoint_test_best.pth
inter-subjects,5,2025,baseline,,0.15000000596046448,0.4699999988079071,0.15000000596046448,0.4699999988079071,0.0,0.0,14.46500015258789,6.0,inter-subjects-seed2025/sub-05-seed2025/checkpoint_test_best.pth
inter-subjects,5,2025,T0,T0_0-52ms,0.15000000596046448,0.4699999988079071,0.15000000596046448,0.4449999928474426,0.0,0.025000005960464478,15.055000305175781,6.0,inter-subjects-seed2025/sub-05-seed2025/checkpoint_test_best.pth
inter-subjects,5,2025,T1,T1_52-152ms,0.15000000596046448,0.4699999988079071,0.11500000208616257,0.26499998569488525,0.03500000387430191,0.20500001311302185,28.975000381469727,16.0,inter-subjects-seed2025/sub-05-seed2025/checkpoint_test_best.pth
inter-subjects,5,2025,T2,T2_152-300ms,0.15000000596046448,0.4699999988079071,0.05000000074505806,0.1550000011920929,0.10000000521540642,0.3149999976158142,43.529998779296875,27.0,inter-subjects-seed2025/sub-05-seed2025/checkpoint_test_best.pth
inter-subjects,5,2025,T3,T3_300-500ms,0.15000000596046448,0.4699999988079071,0.07999999821186066,0.29499998688697815,0.07000000774860382,0.17500001192092896,26.2549991607666,16.0,inter-subjects-seed2025/sub-05-seed2025/checkpoint_test_best.pth
inter-subjects,5,2025,T4,T4_500-800ms,0.15000000596046448,0.4699999988079071,0.1599999964237213,0.4449999928474426,-0.009999990463256836,0.025000005960464478,17.239999771118164,7.0,inter-subjects-seed2025/sub-05-seed2025/checkpoint_test_best.pth
inter-subjects,5,3407,baseline,,0.18000000715255737,0.46000000834465027,0.18000000715255737,0.46000000834465027,0.0,0.0,15.300000190734863,6.0,inter-subjects-seed3407/sub-05-seed3407/checkpoint_test_best.pth
inter-subjects,5,3407,T0,T0_0-52ms,0.18000000715255737,0.46000000834465027,0.1599999964237213,0.41999998688697815,0.02000001072883606,0.04000002145767212,15.819999694824219,7.0,inter-subjects-seed3407/sub-05-seed3407/checkpoint_test_best.pth
inter-subjects,5,3407,T1,T1_52-152ms,0.18000000715255737,0.46000000834465027,0.09000000357627869,0.25,0.09000000357627869,0.21000000834465027,31.739999771118164,16.0,inter-subjects-seed3407/sub-05-seed3407/checkpoint_test_best.pth
inter-subjects,5,3407,T2,T2_152-300ms,0.18000000715255737,0.46000000834465027,0.05999999865889549,0.16500000655651093,0.12000000849366188,0.29500000178813934,42.35499954223633,24.0,inter-subjects-seed3407/sub-05-seed3407/checkpoint_test_best.pth
inter-subjects,5,3407,T3,T3_300-500ms,0.18000000715255737,0.46000000834465027,0.10499999672174454,0.2849999964237213,0.07500001043081284,0.17500001192092896,26.850000381469727,17.0,inter-subjects-seed3407/sub-05-seed3407/checkpoint_test_best.pth
inter-subjects,5,3407,T4,T4_500-800ms,0.18000000715255737,0.46000000834465027,0.14499999582767487,0.375,0.03500001132488251,0.08500000834465027,19.1299991607666,9.0,inter-subjects-seed3407/sub-05-seed3407/checkpoint_test_best.pth
inter-subjects,5,42,baseline,,0.20499999821186066,0.4650000035762787,0.20499999821186066,0.4650000035762787,0.0,0.0,15.454999923706055,6.0,inter-subjects-seed42/sub-05-seed42/checkpoint_test_best.pth
inter-subjects,5,42,T0,T0_0-52ms,0.20499999821186066,0.4650000035762787,0.19499999284744263,0.44999998807907104,0.01000000536441803,0.015000015497207642,15.265000343322754,7.0,inter-subjects-seed42/sub-05-seed42/checkpoint_test_best.pth
inter-subjects,5,42,T1,T1_52-152ms,0.20499999821186066,0.4650000035762787,0.125,0.2849999964237213,0.07999999821186066,0.18000000715255737,30.125,15.0,inter-subjects-seed42/sub-05-seed42/checkpoint_test_best.pth
inter-subjects,5,42,T2,T2_152-300ms,0.20499999821186066,0.4650000035762787,0.03500000014901161,0.18000000715255737,0.16999999806284904,0.2849999964237213,42.459999084472656,26.0,inter-subjects-seed42/sub-05-seed42/checkpoint_test_best.pth
inter-subjects,5,42,T3,T3_300-500ms,0.20499999821186066,0.4650000035762787,0.08500000089406967,0.2849999964237213,0.11999999731779099,0.18000000715255737,26.774999618530273,16.0,inter-subjects-seed42/sub-05-seed42/checkpoint_test_best.pth
inter-subjects,5,42,T4,T4_500-800ms,0.20499999821186066,0.4650000035762787,0.15000000596046448,0.3700000047683716,0.05499999225139618,0.0949999988079071,19.479999542236328,9.0,inter-subjects-seed42/sub-05-seed42/checkpoint_test_best.pth
inter-subjects,5,9999,baseline,,0.1899999976158142,0.4950000047683716,0.1899999976158142,0.4950000047683716,0.0,0.0,14.779999732971191,6.0,inter-subjects-seed9999/sub-05-seed9999/checkpoint_test_best.pth
inter-subjects,5,9999,T0,T0_0-52ms,0.1899999976158142,0.4950000047683716,0.17499999701976776,0.4399999976158142,0.015000000596046448,0.05500000715255737,15.170000076293945,7.0,inter-subjects-seed9999/sub-05-seed9999/checkpoint_test_best.pth
inter-subjects,5,9999,T1,T1_52-152ms,0.1899999976158142,0.4950000047683716,0.10999999940395355,0.25999999046325684,0.07999999821186066,0.23500001430511475,28.69499969482422,15.0,inter-subjects-seed9999/sub-05-seed9999/checkpoint_test_best.pth
inter-subjects,5,9999,T2,T2_152-300ms,0.1899999976158142,0.4950000047683716,0.05000000074505806,0.18000000715255737,0.13999999687075615,0.3149999976158142,40.505001068115234,25.0,inter-subjects-seed9999/sub-05-seed9999/checkpoint_test_best.pth
inter-subjects,5,9999,T3,T3_300-500ms,0.1899999976158142,0.4950000047683716,0.09000000357627869,0.25,0.09999999403953552,0.24500000476837158,29.809999465942383,19.0,inter-subjects-seed9999/sub-05-seed9999/checkpoint_test_best.pth
inter-subjects,5,9999,T4,T4_500-800ms,0.1899999976158142,0.4950000047683716,0.1599999964237213,0.38999998569488525,0.030000001192092896,0.10500001907348633,18.145000457763672,8.0,inter-subjects-seed9999/sub-05-seed9999/checkpoint_test_best.pth
inter-subjects,6,1234,baseline,,0.29499998688697815,0.5649999976158142,0.29499998688697815,0.5649999976158142,0.0,0.0,11.944999694824219,4.0,inter-subjects-seed1234/sub-06-seed1234/checkpoint_test_best.pth
inter-subjects,6,1234,T0,T0_0-52ms,0.29499998688697815,0.5649999976158142,0.29499998688697815,0.5450000166893005,0.0,0.019999980926513672,12.5600004196167,4.0,inter-subjects-seed1234/sub-06-seed1234/checkpoint_test_best.pth
inter-subjects,6,1234,T1,T1_52-152ms,0.29499998688697815,0.5649999976158142,0.11500000208616257,0.33000001311302185,0.17999998480081558,0.23499998450279236,26.469999313354492,10.0,inter-subjects-seed1234/sub-06-seed1234/checkpoint_test_best.pth
inter-subjects,6,1234,T2,T2_152-300ms,0.29499998688697815,0.5649999976158142,0.07999999821186066,0.1550000011920929,0.2149999886751175,0.4099999964237213,40.810001373291016,27.0,inter-subjects-seed1234/sub-06-seed1234/checkpoint_test_best.pth
inter-subjects,6,1234,T3,T3_300-500ms,0.29499998688697815,0.5649999976158142,0.11999999731779099,0.3400000035762787,0.17499998956918716,0.22499999403953552,23.1200008392334,11.0,inter-subjects-seed1234/sub-06-seed1234/checkpoint_test_best.pth
inter-subjects,6,1234,T4,T4_500-800ms,0.29499998688697815,0.5649999976158142,0.22499999403953552,0.5,0.06999999284744263,0.06499999761581421,14.255000114440918,5.0,inter-subjects-seed1234/sub-06-seed1234/checkpoint_test_best.pth
inter-subjects,6,2025,baseline,,0.30000001192092896,0.5849999785423279,0.30000001192092896,0.5849999785423279,0.0,0.0,13.079999923706055,4.0,inter-subjects-seed2025/sub-06-seed2025/checkpoint_test_best.pth
inter-subjects,6,2025,T0,T0_0-52ms,0.30000001192092896,0.5849999785423279,0.2150000035762787,0.5400000214576721,0.08500000834465027,0.04499995708465576,15.234999656677246,4.0,inter-subjects-seed2025/sub-06-seed2025/checkpoint_test_best.pth
inter-subjects,6,2025,T1,T1_52-152ms,0.30000001192092896,0.5849999785423279,0.13500000536441803,0.3400000035762787,0.16500000655651093,0.2449999749660492,25.889999389648438,11.0,inter-subjects-seed2025/sub-06-seed2025/checkpoint_test_best.pth
inter-subjects,6,2025,T2,T2_152-300ms,0.30000001192092896,0.5849999785423279,0.06499999761581421,0.17499999701976776,0.23500001430511475,0.4099999815225601,40.869998931884766,29.0,inter-subjects-seed2025/sub-06-seed2025/checkpoint_test_best.pth
inter-subjects,6,2025,T3,T3_300-500ms,0.30000001192092896,0.5849999785423279,0.10499999672174454,0.27000001072883606,0.19500001519918442,0.3149999678134918,26.440000534057617,13.0,inter-subjects-seed2025/sub-06-seed2025/checkpoint_test_best.pth
inter-subjects,6,2025,T4,T4_500-800ms,0.30000001192092896,0.5849999785423279,0.2150000035762787,0.5600000023841858,0.08500000834465027,0.02499997615814209,14.899999618530273,4.0,inter-subjects-seed2025/sub-06-seed2025/checkpoint_test_best.pth
inter-subjects,6,3407,baseline,,0.2549999952316284,0.550000011920929,0.2549999952316284,0.550000011920929,0.0,0.0,12.704999923706055,4.0,inter-subjects-seed3407/sub-06-seed3407/checkpoint_test_best.pth
inter-subjects,6,3407,T0,T0_0-52ms,0.2549999952316284,0.550000011920929,0.1850000023841858,0.5149999856948853,0.06999999284744263,0.0350000262260437,15.114999771118164,5.0,inter-subjects-seed3407/sub-06-seed3407/checkpoint_test_best.pth
inter-subjects,6,3407,T1,T1_52-152ms,0.2549999952316284,0.550000011920929,0.10000000149011612,0.3149999976158142,0.1549999937415123,0.23500001430511475,27.905000686645508,13.0,inter-subjects-seed3407/sub-06-seed3407/checkpoint_test_best.pth
inter-subjects,6,3407,T2,T2_152-300ms,0.2549999952316284,0.550000011920929,0.07000000029802322,0.16500000655651093,0.1849999949336052,0.38500000536441803,37.77000045776367,25.0,inter-subjects-seed3407/sub-06-seed3407/checkpoint_test_best.pth
inter-subjects,6,3407,T3,T3_300-500ms,0.2549999952316284,0.550000011920929,0.12999999523162842,0.3100000023841858,0.125,0.24000000953674316,24.31999969482422,12.0,inter-subjects-seed3407/sub-06-seed3407/checkpoint_test_best.pth
inter-subjects,6,3407,T4,T4_500-800ms,0.2549999952316284,0.550000011920929,0.22499999403953552,0.5249999761581421,0.030000001192092896,0.025000035762786865,13.75,4.0,inter-subjects-seed3407/sub-06-seed3407/checkpoint_test_best.pth
inter-subjects,6,42,baseline,,0.25999999046325684,0.5699999928474426,0.25999999046325684,0.5699999928474426,0.0,0.0,12.119999885559082,4.0,inter-subjects-seed42/sub-06-seed42/checkpoint_test_best.pth
inter-subjects,6,42,T0,T0_0-52ms,0.25999999046325684,0.5699999928474426,0.20999999344348907,0.5249999761581421,0.04999999701976776,0.04500001668930054,13.680000305175781,5.0,inter-subjects-seed42/sub-06-seed42/checkpoint_test_best.pth
inter-subjects,6,42,T1,T1_52-152ms,0.25999999046325684,0.5699999928474426,0.12999999523162842,0.3149999976158142,0.12999999523162842,0.2549999952316284,27.219999313354492,11.0,inter-subjects-seed42/sub-06-seed42/checkpoint_test_best.pth
inter-subjects,6,42,T2,T2_152-300ms,0.25999999046325684,0.5699999928474426,0.07500000298023224,0.17000000178813934,0.1849999874830246,0.3999999910593033,38.79499816894531,24.0,inter-subjects-seed42/sub-06-seed42/checkpoint_test_best.pth
inter-subjects,6,42,T3,T3_300-500ms,0.25999999046325684,0.5699999928474426,0.11500000208616257,0.3449999988079071,0.14499998837709427,0.22499999403953552,24.485000610351562,14.0,inter-subjects-seed42/sub-06-seed42/checkpoint_test_best.pth
inter-subjects,6,42,T4,T4_500-800ms,0.25999999046325684,0.5699999928474426,0.2150000035762787,0.4749999940395355,0.04499998688697815,0.0949999988079071,16.219999313354492,6.0,inter-subjects-seed42/sub-06-seed42/checkpoint_test_best.pth
inter-subjects,6,9999,baseline,,0.2750000059604645,0.574999988079071,0.2750000059604645,0.574999988079071,0.0,0.0,11.979999542236328,4.0,inter-subjects-seed9999/sub-06-seed9999/checkpoint_test_best.pth
inter-subjects,6,9999,T0,T0_0-52ms,0.2750000059604645,0.574999988079071,0.2150000035762787,0.5049999952316284,0.06000000238418579,0.06999999284744263,14.585000038146973,5.0,inter-subjects-seed9999/sub-06-seed9999/checkpoint_test_best.pth
inter-subjects,6,9999,T1,T1_52-152ms,0.2750000059604645,0.574999988079071,0.13500000536441803,0.3400000035762787,0.14000000059604645,0.23499998450279236,25.489999771118164,11.0,inter-subjects-seed9999/sub-06-seed9999/checkpoint_test_best.pth
inter-subjects,6,9999,T2,T2_152-300ms,0.2750000059604645,0.574999988079071,0.054999999701976776,0.1599999964237213,0.2200000062584877,0.41499999165534973,39.82500076293945,26.0,inter-subjects-seed9999/sub-06-seed9999/checkpoint_test_best.pth
inter-subjects,6,9999,T3,T3_300-500ms,0.2750000059604645,0.574999988079071,0.12999999523162842,0.3400000035762787,0.14500001072883606,0.23499998450279236,22.385000228881836,9.0,inter-subjects-seed9999/sub-06-seed9999/checkpoint_test_best.pth
inter-subjects,6,9999,T4,T4_500-800ms,0.2750000059604645,0.574999988079071,0.20000000298023224,0.4950000047683716,0.07500000298023224,0.07999998331069946,14.520000457763672,6.0,inter-subjects-seed9999/sub-06-seed9999/checkpoint_test_best.pth
inter-subjects,7,1234,baseline,,0.17000000178813934,0.49000000953674316,0.17000000178813934,0.49000000953674316,0.0,0.0,13.494999885559082,6.0,inter-subjects-seed1234/sub-07-seed1234/checkpoint_test_best.pth
inter-subjects,7,1234,T0,T0_0-52ms,0.17000000178813934,0.49000000953674316,0.18000000715255737,0.48500001430511475,-0.01000000536441803,0.004999995231628418,13.244999885559082,6.0,inter-subjects-seed1234/sub-07-seed1234/checkpoint_test_best.pth
inter-subjects,7,1234,T1,T1_52-152ms,0.17000000178813934,0.49000000953674316,0.05000000074505806,0.19499999284744263,0.12000000104308128,0.29500001668930054,33.779998779296875,18.0,inter-subjects-seed1234/sub-07-seed1234/checkpoint_test_best.pth
inter-subjects,7,1234,T2,T2_152-300ms,0.17000000178813934,0.49000000953674316,0.03500000014901161,0.1599999964237213,0.13500000163912773,0.33000001311302185,36.61000061035156,21.0,inter-subjects-seed1234/sub-07-seed1234/checkpoint_test_best.pth
inter-subjects,7,1234,T3,T3_300-500ms,0.17000000178813934,0.49000000953674316,0.05999999865889549,0.23999999463558197,0.11000000312924385,0.2500000149011612,30.81999969482422,20.0,inter-subjects-seed1234/sub-07-seed1234/checkpoint_test_best.pth
inter-subjects,7,1234,T4,T4_500-800ms,0.17000000178813934,0.49000000953674316,0.15000000596046448,0.3400000035762787,0.019999995827674866,0.15000000596046448,21.309999465942383,12.0,inter-subjects-seed1234/sub-07-seed1234/checkpoint_test_best.pth
inter-subjects,7,2025,baseline,,0.16500000655651093,0.48500001430511475,0.16500000655651093,0.48500001430511475,0.0,0.0,13.569999694824219,6.0,inter-subjects-seed2025/sub-07-seed2025/checkpoint_test_best.pth
inter-subjects,7,2025,T0,T0_0-52ms,0.16500000655651093,0.48500001430511475,0.18000000715255737,0.4749999940395355,-0.015000000596046448,0.010000020265579224,12.710000038146973,6.0,inter-subjects-seed2025/sub-07-seed2025/checkpoint_test_best.pth
inter-subjects,7,2025,T1,T1_52-152ms,0.16500000655651093,0.48500001430511475,0.029999999329447746,0.14000000059604645,0.13500000722706318,0.3450000137090683,43.119998931884766,29.0,inter-subjects-seed2025/sub-07-seed2025/checkpoint_test_best.pth
inter-subjects,7,2025,T2,T2_152-300ms,0.16500000655651093,0.48500001430511475,0.04500000178813934,0.1850000023841858,0.12000000476837158,0.30000001192092896,38.57500076293945,23.0,inter-subjects-seed2025/sub-07-seed2025/checkpoint_test_best.pth
inter-subjects,7,2025,T3,T3_300-500ms,0.16500000655651093,0.48500001430511475,0.05999999865889549,0.26499998569488525,0.10500000789761543,0.2200000286102295,29.295000076293945,16.0,inter-subjects-seed2025/sub-07-seed2025/checkpoint_test_best.pth
inter-subjects,7,2025,T4,T4_500-800ms,0.16500000655651093,0.48500001430511475,0.11999999731779099,0.3400000035762787,0.04500000923871994,0.14500001072883606,19.825000762939453,10.0,inter-subjects-seed2025/sub-07-seed2025/checkpoint_test_best.pth
inter-subjects,7,3407,baseline,,0.20499999821186066,0.5049999952316284,0.20499999821186066,0.5049999952316284,0.0,0.0,12.90999984741211,5.0,inter-subjects-seed3407/sub-07-seed3407/checkpoint_test_best.pth
inter-subjects,7,3407,T0,T0_0-52ms,0.20499999821186066,0.5049999952316284,0.1850000023841858,0.48500001430511475,0.019999995827674866,0.019999980926513672,12.765000343322754,6.0,inter-subjects-seed3407/sub-07-seed3407/checkpoint_test_best.pth
inter-subjects,7,3407,T1,T1_52-152ms,0.20499999821186066,0.5049999952316284,0.03999999910593033,0.20499999821186066,0.16499999910593033,0.29999999701976776,38.97999954223633,22.0,inter-subjects-seed3407/sub-07-seed3407/checkpoint_test_best.pth
inter-subjects,7,3407,T2,T2_152-300ms,0.20499999821186066,0.5049999952316284,0.03500000014901161,0.1899999976158142,0.16999999806284904,0.3149999976158142,37.095001220703125,22.0,inter-subjects-seed3407/sub-07-seed3407/checkpoint_test_best.pth
inter-subjects,7,3407,T3,T3_300-500ms,0.20499999821186066,0.5049999952316284,0.03999999910593033,0.24500000476837158,0.16499999910593033,0.25999999046325684,27.96500015258789,16.0,inter-subjects-seed3407/sub-07-seed3407/checkpoint_test_best.pth
inter-subjects,7,3407,T4,T4_500-800ms,0.20499999821186066,0.5049999952316284,0.14000000059604645,0.3499999940395355,0.06499999761581421,0.1550000011920929,21.21500015258789,10.0,inter-subjects-seed3407/sub-07-seed3407/checkpoint_test_best.pth
inter-subjects,7,42,baseline,,0.17000000178813934,0.4699999988079071,0.17000000178813934,0.4699999988079071,0.0,0.0,14.074999809265137,7.0,inter-subjects-seed42/sub-07-seed42/checkpoint_test_best.pth
inter-subjects,7,42,T0,T0_0-52ms,0.17000000178813934,0.4699999988079071,0.14499999582767487,0.46000000834465027,0.025000005960464478,0.009999990463256836,14.350000381469727,7.0,inter-subjects-seed42/sub-07-seed42/checkpoint_test_best.pth
inter-subjects,7,42,T1,T1_52-152ms,0.17000000178813934,0.4699999988079071,0.029999999329447746,0.15000000596046448,0.1400000024586916,0.3199999928474426,44.43000030517578,29.0,inter-subjects-seed42/sub-07-seed42/checkpoint_test_best.pth
inter-subjects,7,42,T2,T2_152-300ms,0.17000000178813934,0.4699999988079071,0.029999999329447746,0.1850000023841858,0.1400000024586916,0.2849999964237213,37.09000015258789,20.0,inter-subjects-seed42/sub-07-seed42/checkpoint_test_best.pth
inter-subjects,7,42,T3,T3_300-500ms,0.17000000178813934,0.4699999988079071,0.03999999910593033,0.23000000417232513,0.13000000268220901,0.23999999463558197,30.774999618530273,16.0,inter-subjects-seed42/sub-07-seed42/checkpoint_test_best.pth
inter-subjects,7,42,T4,T4_500-800ms,0.17000000178813934,0.4699999988079071,0.12999999523162842,0.3199999928474426,0.040000006556510925,0.15000000596046448,23.71500015258789,13.0,inter-subjects-seed42/sub-07-seed42/checkpoint_test_best.pth
inter-subjects,7,9999,baseline,,0.14499999582767487,0.4950000047683716,0.14499999582767487,0.4950000047683716,0.0,0.0,13.574999809265137,6.0,inter-subjects-seed9999/sub-07-seed9999/checkpoint_test_best.pth
inter-subjects,7,9999,T0,T0_0-52ms,0.14499999582767487,0.4950000047683716,0.12999999523162842,0.49000000953674316,0.015000000596046448,0.004999995231628418,13.510000228881836,6.0,inter-subjects-seed9999/sub-07-seed9999/checkpoint_test_best.pth
inter-subjects,7,9999,T1,T1_52-152ms,0.14499999582767487,0.4950000047683716,0.05000000074505806,0.22499999403953552,0.0949999950826168,0.27000001072883606,35.48500061035156,19.0,inter-subjects-seed9999/sub-07-seed9999/checkpoint_test_best.pth
inter-subjects,7,9999,T2,T2_152-300ms,0.14499999582767487,0.4950000047683716,0.05000000074505806,0.2150000035762787,0.0949999950826168,0.2800000011920929,34.59000015258789,17.0,inter-subjects-seed9999/sub-07-seed9999/checkpoint_test_best.pth
inter-subjects,7,9999,T3,T3_300-500ms,0.14499999582767487,0.4950000047683716,0.05000000074505806,0.24500000476837158,0.0949999950826168,0.25,30.295000076293945,17.0,inter-subjects-seed9999/sub-07-seed9999/checkpoint_test_best.pth
inter-subjects,7,9999,T4,T4_500-800ms,0.14499999582767487,0.4950000047683716,0.11999999731779099,0.3499999940395355,0.02499999850988388,0.14500001072883606,20.18000030517578,10.0,inter-subjects-seed9999/sub-07-seed9999/checkpoint_test_best.pth
inter-subjects,8,1234,baseline,,0.20499999821186066,0.41999998688697815,0.20499999821186066,0.41999998688697815,0.0,0.0,15.039999961853027,7.0,inter-subjects-seed1234/sub-08-seed1234/checkpoint_test_best.pth
inter-subjects,8,1234,T0,T0_0-52ms,0.20499999821186066,0.41999998688697815,0.20499999821186066,0.41999998688697815,0.0,0.0,15.0,7.0,inter-subjects-seed1234/sub-08-seed1234/checkpoint_test_best.pth
inter-subjects,8,1234,T1,T1_52-152ms,0.20499999821186066,0.41999998688697815,0.14000000059604645,0.25,0.06499999761581421,0.16999998688697815,28.579999923706055,15.0,inter-subjects-seed1234/sub-08-seed1234/checkpoint_test_best.pth
inter-subjects,8,1234,T2,T2_152-300ms,0.20499999821186066,0.41999998688697815,0.05999999865889549,0.23000000417232513,0.14499999955296516,0.18999998271465302,35.36000061035156,23.0,inter-subjects-seed1234/sub-08-seed1234/checkpoint_test_best.pth
inter-subjects,8,1234,T3,T3_300-500ms,0.20499999821186066,0.41999998688697815,0.11500000208616257,0.3499999940395355,0.08999999612569809,0.06999999284744263,21.700000762939453,11.0,inter-subjects-seed1234/sub-08-seed1234/checkpoint_test_best.pth
inter-subjects,8,1234,T4,T4_500-800ms,0.20499999821186066,0.41999998688697815,0.18000000715255737,0.4099999964237213,0.024999991059303284,0.009999990463256836,17.514999389648438,8.0,inter-subjects-seed1234/sub-08-seed1234/checkpoint_test_best.pth
inter-subjects,8,2025,baseline,,0.19499999284744263,0.49000000953674316,0.19499999284744263,0.49000000953674316,0.0,0.0,13.8100004196167,6.0,inter-subjects-seed2025/sub-08-seed2025/checkpoint_test_best.pth
inter-subjects,8,2025,T0,T0_0-52ms,0.19499999284744263,0.49000000953674316,0.19499999284744263,0.5,0.0,-0.009999990463256836,13.725000381469727,5.0,inter-subjects-seed2025/sub-08-seed2025/checkpoint_test_best.pth
inter-subjects,8,2025,T1,T1_52-152ms,0.19499999284744263,0.49000000953674316,0.0949999988079071,0.22499999403953552,0.09999999403953552,0.26500001549720764,29.075000762939453,16.0,inter-subjects-seed2025/sub-08-seed2025/checkpoint_test_best.pth
inter-subjects,8,2025,T2,T2_152-300ms,0.19499999284744263,0.49000000953674316,0.05000000074505806,0.23499999940395355,0.14499999210238457,0.2550000101327896,35.255001068115234,23.0,inter-subjects-seed2025/sub-08-seed2025/checkpoint_test_best.pth
inter-subjects,8,2025,T3,T3_300-500ms,0.19499999284744263,0.49000000953674316,0.10999999940395355,0.35499998927116394,0.08499999344348907,0.13500002026557922,19.81999969482422,10.0,inter-subjects-seed2025/sub-08-seed2025/checkpoint_test_best.pth
inter-subjects,8,2025,T4,T4_500-800ms,0.19499999284744263,0.49000000953674316,0.1899999976158142,0.4300000071525574,0.004999995231628418,0.06000000238418579,16.75,8.0,inter-subjects-seed2025/sub-08-seed2025/checkpoint_test_best.pth
inter-subjects,8,3407,baseline,,0.17000000178813934,0.48500001430511475,0.17000000178813934,0.48500001430511475,0.0,0.0,13.920000076293945,6.0,inter-subjects-seed3407/sub-08-seed3407/checkpoint_test_best.pth
inter-subjects,8,3407,T0,T0_0-52ms,0.17000000178813934,0.48500001430511475,0.17499999701976776,0.47999998927116394,-0.004999995231628418,0.005000025033950806,14.045000076293945,6.0,inter-subjects-seed3407/sub-08-seed3407/checkpoint_test_best.pth
inter-subjects,8,3407,T1,T1_52-152ms,0.17000000178813934,0.48500001430511475,0.12999999523162842,0.2800000011920929,0.040000006556510925,0.20500001311302185,25.815000534057617,14.0,inter-subjects-seed3407/sub-08-seed3407/checkpoint_test_best.pth
inter-subjects,8,3407,T2,T2_152-300ms,0.17000000178813934,0.48500001430511475,0.06499999761581421,0.2150000035762787,0.10500000417232513,0.27000001072883606,34.290000915527344,21.0,inter-subjects-seed3407/sub-08-seed3407/checkpoint_test_best.pth
inter-subjects,8,3407,T3,T3_300-500ms,0.17000000178813934,0.48500001430511475,0.10000000149011612,0.36000001430511475,0.07000000029802322,0.125,20.040000915527344,10.0,inter-subjects-seed3407/sub-08-seed3407/checkpoint_test_best.pth
inter-subjects,8,3407,T4,T4_500-800ms,0.17000000178813934,0.48500001430511475,0.15000000596046448,0.42500001192092896,0.019999995827674866,0.06000000238418579,16.989999771118164,7.0,inter-subjects-seed3407/sub-08-seed3407/checkpoint_test_best.pth
inter-subjects,8,42,baseline,,0.2199999988079071,0.49000000953674316,0.2199999988079071,0.49000000953674316,0.0,0.0,14.75,6.0,inter-subjects-seed42/sub-08-seed42/checkpoint_test_best.pth
inter-subjects,8,42,T0,T0_0-52ms,0.2199999988079071,0.49000000953674316,0.2199999988079071,0.5049999952316284,0.0,-0.014999985694885254,14.675000190734863,5.0,inter-subjects-seed42/sub-08-seed42/checkpoint_test_best.pth
inter-subjects,8,42,T1,T1_52-152ms,0.2199999988079071,0.49000000953674316,0.12999999523162842,0.30000001192092896,0.09000000357627869,0.1899999976158142,29.424999237060547,14.0,inter-subjects-seed42/sub-08-seed42/checkpoint_test_best.pth
inter-subjects,8,42,T2,T2_152-300ms,0.2199999988079071,0.49000000953674316,0.07500000298023224,0.2150000035762787,0.14499999582767487,0.2750000059604645,32.279998779296875,16.0,inter-subjects-seed42/sub-08-seed42/checkpoint_test_best.pth
inter-subjects,8,42,T3,T3_300-500ms,0.2199999988079071,0.49000000953674316,0.125,0.3700000047683716,0.0949999988079071,0.12000000476837158,21.145000457763672,10.0,inter-subjects-seed42/sub-08-seed42/checkpoint_test_best.pth
inter-subjects,8,42,T4,T4_500-800ms,0.2199999988079071,0.49000000953674316,0.17000000178813934,0.4399999976158142,0.04999999701976776,0.050000011920928955,18.2450008392334,8.0,inter-subjects-seed42/sub-08-seed42/checkpoint_test_best.pth
inter-subjects,8,9999,baseline,,0.20499999821186066,0.48500001430511475,0.20499999821186066,0.48500001430511475,0.0,0.0,14.1850004196167,6.0,inter-subjects-seed9999/sub-08-seed9999/checkpoint_test_best.pth
inter-subjects,8,9999,T0,T0_0-52ms,0.20499999821186066,0.48500001430511475,0.20000000298023224,0.48500001430511475,0.004999995231628418,0.0,14.244999885559082,6.0,inter-subjects-seed9999/sub-08-seed9999/checkpoint_test_best.pth
inter-subjects,8,9999,T1,T1_52-152ms,0.20499999821186066,0.48500001430511475,0.13500000536441803,0.29499998688697815,0.06999999284744263,0.1900000274181366,25.954999923706055,14.0,inter-subjects-seed9999/sub-08-seed9999/checkpoint_test_best.pth
inter-subjects,8,9999,T2,T2_152-300ms,0.20499999821186066,0.48500001430511475,0.0949999988079071,0.23999999463558197,0.10999999940395355,0.24500001966953278,34.07500076293945,21.0,inter-subjects-seed9999/sub-08-seed9999/checkpoint_test_best.pth
inter-subjects,8,9999,T3,T3_300-500ms,0.20499999821186066,0.48500001430511475,0.125,0.3700000047683716,0.07999999821186066,0.11500000953674316,18.8700008392334,10.0,inter-subjects-seed9999/sub-08-seed9999/checkpoint_test_best.pth
inter-subjects,8,9999,T4,T4_500-800ms,0.20499999821186066,0.48500001430511475,0.19499999284744263,0.45500001311302185,0.01000000536441803,0.030000001192092896,17.479999542236328,7.0,inter-subjects-seed9999/sub-08-seed9999/checkpoint_test_best.pth
inter-subjects,9,1234,baseline,,0.1850000023841858,0.5099999904632568,0.1850000023841858,0.5099999904632568,0.0,0.0,13.305000305175781,5.0,inter-subjects-seed1234/sub-09-seed1234/checkpoint_test_best.pth
inter-subjects,9,1234,T0,T0_0-52ms,0.1850000023841858,0.5099999904632568,0.18000000715255737,0.49000000953674316,0.004999995231628418,0.019999980926513672,13.675000190734863,6.0,inter-subjects-seed1234/sub-09-seed1234/checkpoint_test_best.pth
inter-subjects,9,1234,T1,T1_52-152ms,0.1850000023841858,0.5099999904632568,0.05999999865889549,0.24500000476837158,0.1250000037252903,0.26499998569488525,41.650001525878906,23.0,inter-subjects-seed1234/sub-09-seed1234/checkpoint_test_best.pth
inter-subjects,9,1234,T2,T2_152-300ms,0.1850000023841858,0.5099999904632568,0.05999999865889549,0.17499999701976776,0.1250000037252903,0.3349999934434891,32.8650016784668,21.0,inter-subjects-seed1234/sub-09-seed1234/checkpoint_test_best.pth
inter-subjects,9,1234,T3,T3_300-500ms,0.1850000023841858,0.5099999904632568,0.12999999523162842,0.4050000011920929,0.05500000715255737,0.10499998927116394,24.459999084472656,9.0,inter-subjects-seed1234/sub-09-seed1234/checkpoint_test_best.pth
inter-subjects,9,1234,T4,T4_500-800ms,0.1850000023841858,0.5099999904632568,0.16500000655651093,0.4449999928474426,0.019999995827674866,0.06499999761581421,12.859999656677246,6.0,inter-subjects-seed1234/sub-09-seed1234/checkpoint_test_best.pth
inter-subjects,9,2025,baseline,,0.20000000298023224,0.5049999952316284,0.20000000298023224,0.5049999952316284,0.0,0.0,14.220000267028809,5.0,inter-subjects-seed2025/sub-09-seed2025/checkpoint_test_best.pth
inter-subjects,9,2025,T0,T0_0-52ms,0.20000000298023224,0.5049999952316284,0.19499999284744263,0.5049999952316284,0.005000010132789612,0.0,14.635000228881836,5.0,inter-subjects-seed2025/sub-09-seed2025/checkpoint_test_best.pth
inter-subjects,9,2025,T1,T1_52-152ms,0.20000000298023224,0.5049999952316284,0.07000000029802322,0.19499999284744263,0.13000000268220901,0.3100000023841858,42.6349983215332,24.0,inter-subjects-seed2025/sub-09-seed2025/checkpoint_test_best.pth
inter-subjects,9,2025,T2,T2_152-300ms,0.20000000298023224,0.5049999952316284,0.06499999761581421,0.20499999821186066,0.13500000536441803,0.29999999701976776,34.599998474121094,24.0,inter-subjects-seed2025/sub-09-seed2025/checkpoint_test_best.pth
inter-subjects,9,2025,T3,T3_300-500ms,0.20000000298023224,0.5049999952316284,0.14000000059604645,0.38999998569488525,0.06000000238418579,0.11500000953674316,25.045000076293945,9.0,inter-subjects-seed2025/sub-09-seed2025/checkpoint_test_best.pth
inter-subjects,9,2025,T4,T4_500-800ms,0.20000000298023224,0.5049999952316284,0.20499999821186066,0.4749999940395355,-0.004999995231628418,0.030000001192092896,12.949999809265137,7.0,inter-subjects-seed2025/sub-09-seed2025/checkpoint_test_best.pth
inter-subjects,9,3407,baseline,,0.1599999964237213,0.44999998807907104,0.1599999964237213,0.44999998807907104,0.0,0.0,16.200000762939453,7.0,inter-subjects-seed3407/sub-09-seed3407/checkpoint_test_best.pth
inter-subjects,9,3407,T0,T0_0-52ms,0.1599999964237213,0.44999998807907104,0.17499999701976776,0.4399999976158142,-0.015000000596046448,0.009999990463256836,16.395000457763672,7.0,inter-subjects-seed3407/sub-09-seed3407/checkpoint_test_best.pth
inter-subjects,9,3407,T1,T1_52-152ms,0.1599999964237213,0.44999998807907104,0.04500000178813934,0.2150000035762787,0.11499999463558197,0.23499998450279236,45.845001220703125,30.0,inter-subjects-seed3407/sub-09-seed3407/checkpoint_test_best.pth
inter-subjects,9,3407,T2,T2_152-300ms,0.1599999964237213,0.44999998807907104,0.054999999701976776,0.14000000059604645,0.10499999672174454,0.3099999874830246,38.665000915527344,29.0,inter-subjects-seed3407/sub-09-seed3407/checkpoint_test_best.pth
inter-subjects,9,3407,T3,T3_300-500ms,0.1599999964237213,0.44999998807907104,0.11500000208616257,0.3449999988079071,0.044999994337558746,0.10499998927116394,30.530000686645508,13.0,inter-subjects-seed3407/sub-09-seed3407/checkpoint_test_best.pth
inter-subjects,9,3407,T4,T4_500-800ms,0.1599999964237213,0.44999998807907104,0.20499999821186066,0.4399999976158142,-0.04500000178813934,0.009999990463256836,15.109999656677246,8.0,inter-subjects-seed3407/sub-09-seed3407/checkpoint_test_best.pth
inter-subjects,9,42,baseline,,0.1850000023841858,0.550000011920929,0.1850000023841858,0.550000011920929,0.0,0.0,13.529999732971191,4.0,inter-subjects-seed42/sub-09-seed42/checkpoint_test_best.pth
inter-subjects,9,42,T0,T0_0-52ms,0.1850000023841858,0.550000011920929,0.18000000715255737,0.5350000262260437,0.004999995231628418,0.014999985694885254,13.970000267028809,5.0,inter-subjects-seed42/sub-09-seed42/checkpoint_test_best.pth
inter-subjects,9,42,T1,T1_52-152ms,0.1850000023841858,0.550000011920929,0.07999999821186066,0.20499999821186066,0.10500000417232513,0.3450000137090683,45.775001525878906,25.0,inter-subjects-seed42/sub-09-seed42/checkpoint_test_best.pth
inter-subjects,9,42,T2,T2_152-300ms,0.1850000023841858,0.550000011920929,0.05000000074505806,0.2150000035762787,0.13500000163912773,0.33500000834465027,32.15999984741211,19.0,inter-subjects-seed42/sub-09-seed42/checkpoint_test_best.pth
inter-subjects,9,42,T3,T3_300-500ms,0.1850000023841858,0.550000011920929,0.15000000596046448,0.38999998569488525,0.034999996423721313,0.1600000262260437,27.299999237060547,10.0,inter-subjects-seed42/sub-09-seed42/checkpoint_test_best.pth
inter-subjects,9,42,T4,T4_500-800ms,0.1850000023841858,0.550000011920929,0.20999999344348907,0.47999998927116394,-0.024999991059303284,0.07000002264976501,12.760000228881836,6.0,inter-subjects-seed42/sub-09-seed42/checkpoint_test_best.pth
inter-subjects,9,9999,baseline,,0.2199999988079071,0.4950000047683716,0.2199999988079071,0.4950000047683716,0.0,0.0,14.46500015258789,6.0,inter-subjects-seed9999/sub-09-seed9999/checkpoint_test_best.pth
inter-subjects,9,9999,T0,T0_0-52ms,0.2199999988079071,0.4950000047683716,0.17499999701976776,0.49000000953674316,0.04500000178813934,0.004999995231628418,15.329999923706055,6.0,inter-subjects-seed9999/sub-09-seed9999/checkpoint_test_best.pth
inter-subjects,9,9999,T1,T1_52-152ms,0.2199999988079071,0.4950000047683716,0.07500000298023224,0.22499999403953552,0.14499999582767487,0.27000001072883606,42.30500030517578,24.0,inter-subjects-seed9999/sub-09-seed9999/checkpoint_test_best.pth
inter-subjects,9,9999,T2,T2_152-300ms,0.2199999988079071,0.4950000047683716,0.05999999865889549,0.20499999821186066,0.1600000001490116,0.2900000065565109,31.700000762939453,19.0,inter-subjects-seed9999/sub-09-seed9999/checkpoint_test_best.pth
inter-subjects,9,9999,T3,T3_300-500ms,0.2199999988079071,0.4950000047683716,0.14000000059604645,0.38499999046325684,0.07999999821186066,0.11000001430511475,28.09000015258789,10.0,inter-subjects-seed9999/sub-09-seed9999/checkpoint_test_best.pth
inter-subjects,9,9999,T4,T4_500-800ms,0.2199999988079071,0.4950000047683716,0.2150000035762787,0.45500001311302185,0.004999995231628418,0.03999999165534973,13.28499984741211,7.0,inter-subjects-seed9999/sub-09-seed9999/checkpoint_test_best.pth
inter-subjects,10,1234,baseline,,0.33500000834465027,0.6499999761581421,0.33500000834465027,0.6499999761581421,0.0,0.0,6.960000038146973,3.0,inter-subjects-seed1234/sub-10-seed1234/checkpoint_test_best.pth
inter-subjects,10,1234,T0,T0_0-52ms,0.33500000834465027,0.6499999761581421,0.3199999928474426,0.6299999952316284,0.015000015497207642,0.019999980926513672,7.539999961853027,3.0,inter-subjects-seed1234/sub-10-seed1234/checkpoint_test_best.pth
inter-subjects,10,1234,T1,T1_52-152ms,0.33500000834465027,0.6499999761581421,0.1550000011920929,0.39500001072883606,0.18000000715255737,0.25499996542930603,17.1200008392334,9.0,inter-subjects-seed1234/sub-10-seed1234/checkpoint_test_best.pth
inter-subjects,10,1234,T2,T2_152-300ms,0.33500000834465027,0.6499999761581421,0.07999999821186066,0.25,0.2550000101327896,0.3999999761581421,32.630001068115234,17.0,inter-subjects-seed1234/sub-10-seed1234/checkpoint_test_best.pth
inter-subjects,10,1234,T3,T3_300-500ms,0.33500000834465027,0.6499999761581421,0.10499999672174454,0.33500000834465027,0.23000001162290573,0.3149999678134918,26.834999084472656,11.0,inter-subjects-seed1234/sub-10-seed1234/checkpoint_test_best.pth
inter-subjects,10,1234,T4,T4_500-800ms,0.33500000834465027,0.6499999761581421,0.2800000011920929,0.5899999737739563,0.05500000715255737,0.06000000238418579,9.324999809265137,4.0,inter-subjects-seed1234/sub-10-seed1234/checkpoint_test_best.pth
inter-subjects,10,2025,baseline,,0.3449999988079071,0.6200000047683716,0.3449999988079071,0.6200000047683716,0.0,0.0,7.440000057220459,3.0,inter-subjects-seed2025/sub-10-seed2025/checkpoint_test_best.pth
inter-subjects,10,2025,T0,T0_0-52ms,0.3449999988079071,0.6200000047683716,0.33500000834465027,0.6050000190734863,0.009999990463256836,0.014999985694885254,8.295000076293945,3.0,inter-subjects-seed2025/sub-10-seed2025/checkpoint_test_best.pth
inter-subjects,10,2025,T1,T1_52-152ms,0.3449999988079071,0.6200000047683716,0.1599999964237213,0.38999998569488525,0.1850000023841858,0.23000001907348633,17.889999389648438,9.0,inter-subjects-seed2025/sub-10-seed2025/checkpoint_test_best.pth
inter-subjects,10,2025,T2,T2_152-300ms,0.3449999988079071,0.6200000047683716,0.0949999988079071,0.23999999463558197,0.25,0.3800000101327896,33.994998931884766,19.0,inter-subjects-seed2025/sub-10-seed2025/checkpoint_test_best.pth
inter-subjects,10,2025,T3,T3_300-500ms,0.3449999988079071,0.6200000047683716,0.17000000178813934,0.4099999964237213,0.17499999701976776,0.21000000834465027,20.329999923706055,8.0,inter-subjects-seed2025/sub-10-seed2025/checkpoint_test_best.pth
inter-subjects,10,2025,T4,T4_500-800ms,0.3449999988079071,0.6200000047683716,0.2750000059604645,0.5600000023841858,0.06999999284744263,0.06000000238418579,8.989999771118164,4.0,inter-subjects-seed2025/sub-10-seed2025/checkpoint_test_best.pth
inter-subjects,10,3407,baseline,,0.35499998927116394,0.6850000023841858,0.35499998927116394,0.6850000023841858,0.0,0.0,7.125,3.0,inter-subjects-seed3407/sub-10-seed3407/checkpoint_test_best.pth
inter-subjects,10,3407,T0,T0_0-52ms,0.35499998927116394,0.6850000023841858,0.33500000834465027,0.625,0.019999980926513672,0.06000000238418579,7.949999809265137,3.0,inter-subjects-seed3407/sub-10-seed3407/checkpoint_test_best.pth
inter-subjects,10,3407,T1,T1_52-152ms,0.35499998927116394,0.6850000023841858,0.17000000178813934,0.38499999046325684,0.1849999874830246,0.30000001192092896,16.780000686645508,8.0,inter-subjects-seed3407/sub-10-seed3407/checkpoint_test_best.pth
inter-subjects,10,3407,T2,T2_152-300ms,0.35499998927116394,0.6850000023841858,0.08500000089406967,0.22499999403953552,0.26999998837709427,0.46000000834465027,33.97999954223633,18.0,inter-subjects-seed3407/sub-10-seed3407/checkpoint_test_best.pth
inter-subjects,10,3407,T3,T3_300-500ms,0.35499998927116394,0.6850000023841858,0.1899999976158142,0.4350000023841858,0.16499999165534973,0.25,18.594999313354492,7.0,inter-subjects-seed3407/sub-10-seed3407/checkpoint_test_best.pth
inter-subjects,10,3407,T4,T4_500-800ms,0.35499998927116394,0.6850000023841858,0.23999999463558197,0.5849999785423279,0.11499999463558197,0.10000002384185791,9.414999961853027,4.0,inter-subjects-seed3407/sub-10-seed3407/checkpoint_test_best.pth
inter-subjects,10,42,baseline,,0.3100000023841858,0.6499999761581421,0.3100000023841858,0.6499999761581421,0.0,0.0,7.369999885559082,3.0,inter-subjects-seed42/sub-10-seed42/checkpoint_test_best.pth
inter-subjects,10,42,T0,T0_0-52ms,0.3100000023841858,0.6499999761581421,0.3050000071525574,0.6150000095367432,0.004999995231628418,0.034999966621398926,7.775000095367432,3.0,inter-subjects-seed42/sub-10-seed42/checkpoint_test_best.pth
inter-subjects,10,42,T1,T1_52-152ms,0.3100000023841858,0.6499999761581421,0.13500000536441803,0.38999998569488525,0.17499999701976776,0.25999999046325684,21.229999542236328,10.0,inter-subjects-seed42/sub-10-seed42/checkpoint_test_best.pth
inter-subjects,10,42,T2,T2_152-300ms,0.3100000023841858,0.6499999761581421,0.054999999701976776,0.23000000417232513,0.255000002682209,0.41999997198581696,33.45000076293945,19.0,inter-subjects-seed42/sub-10-seed42/checkpoint_test_best.pth
inter-subjects,10,42,T3,T3_300-500ms,0.3100000023841858,0.6499999761581421,0.125,0.3700000047683716,0.1850000023841858,0.2799999713897705,22.459999084472656,10.0,inter-subjects-seed42/sub-10-seed42/checkpoint_test_best.pth
inter-subjects,10,42,T4,T4_500-800ms,0.3100000023841858,0.6499999761581421,0.23999999463558197,0.574999988079071,0.07000000774860382,0.07499998807907104,10.5,4.0,inter-subjects-seed42/sub-10-seed42/checkpoint_test_best.pth
inter-subjects,10,9999,baseline,,0.32499998807907104,0.6800000071525574,0.32499998807907104,0.6800000071525574,0.0,0.0,7.59499979019165,3.0,inter-subjects-seed9999/sub-10-seed9999/checkpoint_test_best.pth
inter-subjects,10,9999,T0,T0_0-52ms,0.32499998807907104,0.6800000071525574,0.3050000071525574,0.6449999809265137,0.019999980926513672,0.0350000262260437,8.725000381469727,4.0,inter-subjects-seed9999/sub-10-seed9999/checkpoint_test_best.pth
inter-subjects,10,9999,T1,T1_52-152ms,0.32499998807907104,0.6800000071525574,0.20999999344348907,0.48500001430511475,0.11499999463558197,0.19499999284744263,13.149999618530273,6.0,inter-subjects-seed9999/sub-10-seed9999/checkpoint_test_best.pth
inter-subjects,10,9999,T2,T2_152-300ms,0.32499998807907104,0.6800000071525574,0.0949999988079071,0.25999999046325684,0.22999998927116394,0.42000001668930054,32.54999923706055,15.0,inter-subjects-seed9999/sub-10-seed9999/checkpoint_test_best.pth
inter-subjects,10,9999,T3,T3_300-500ms,0.32499998807907104,0.6800000071525574,0.15000000596046448,0.36500000953674316,0.17499998211860657,0.3149999976158142,24.469999313354492,10.0,inter-subjects-seed9999/sub-10-seed9999/checkpoint_test_best.pth
inter-subjects,10,9999,T4,T4_500-800ms,0.32499998807907104,0.6800000071525574,0.2549999952316284,0.574999988079071,0.06999999284744263,0.10500001907348633,10.970000267028809,4.0,inter-subjects-seed9999/sub-10-seed9999/checkpoint_test_best.pth
intra-subjects,1,1234,baseline,,0.5299999713897705,0.7850000262260437,0.5299999713897705,0.7850000262260437,0.0,0.0,3.7899999618530273,1.0,intra-subjects-seed1234/sub-01-seed1234/checkpoint_test_best.pth
intra-subjects,1,1234,T0,T0_0-52ms,0.5299999713897705,0.7850000262260437,0.5450000166893005,0.7799999713897705,-0.01500004529953003,0.005000054836273193,4.204999923706055,1.0,intra-subjects-seed1234/sub-01-seed1234/checkpoint_test_best.pth
intra-subjects,1,1234,T1,T1_52-152ms,0.5299999713897705,0.7850000262260437,0.16500000655651093,0.47999998927116394,0.3649999648332596,0.30500003695487976,14.805000305175781,6.0,intra-subjects-seed1234/sub-01-seed1234/checkpoint_test_best.pth
intra-subjects,1,1234,T2,T2_152-300ms,0.5299999713897705,0.7850000262260437,0.1899999976158142,0.36000001430511475,0.3399999737739563,0.42500001192092896,19.940000534057617,9.0,intra-subjects-seed1234/sub-01-seed1234/checkpoint_test_best.pth
intra-subjects,1,1234,T3,T3_300-500ms,0.5299999713897705,0.7850000262260437,0.3100000023841858,0.6150000095367432,0.21999996900558472,0.17000001668930054,11.0,3.0,intra-subjects-seed1234/sub-01-seed1234/checkpoint_test_best.pth
intra-subjects,1,1234,T4,T4_500-800ms,0.5299999713897705,0.7850000262260437,0.45500001311302185,0.7699999809265137,0.07499995827674866,0.01500004529953003,4.380000114440918,2.0,intra-subjects-seed1234/sub-01-seed1234/checkpoint_test_best.pth
intra-subjects,1,2025,baseline,,0.5,0.8050000071525574,0.5,0.8050000071525574,0.0,0.0,4.005000114440918,1.0,intra-subjects-seed2025/sub-01-seed2025/checkpoint_test_best.pth
intra-subjects,1,2025,T0,T0_0-52ms,0.5,0.8050000071525574,0.48500001430511475,0.7799999713897705,0.014999985694885254,0.025000035762786865,4.340000152587891,2.0,intra-subjects-seed2025/sub-01-seed2025/checkpoint_test_best.pth
intra-subjects,1,2025,T1,T1_52-152ms,0.5,0.8050000071525574,0.20000000298023224,0.41499999165534973,0.29999999701976776,0.39000001549720764,16.084999084472656,7.0,intra-subjects-seed2025/sub-01-seed2025/checkpoint_test_best.pth
intra-subjects,1,2025,T2,T2_152-300ms,0.5,0.8050000071525574,0.19499999284744263,0.42500001192092896,0.3050000071525574,0.3799999952316284,18.21500015258789,7.0,intra-subjects-seed2025/sub-01-seed2025/checkpoint_test_best.pth
intra-subjects,1,2025,T3,T3_300-500ms,0.5,0.8050000071525574,0.3199999928474426,0.625,0.18000000715255737,0.18000000715255737,10.170000076293945,3.0,intra-subjects-seed2025/sub-01-seed2025/checkpoint_test_best.pth
intra-subjects,1,2025,T4,T4_500-800ms,0.5,0.8050000071525574,0.44999998807907104,0.7549999952316284,0.050000011920928955,0.050000011920928955,5.034999847412109,2.0,intra-subjects-seed2025/sub-01-seed2025/checkpoint_test_best.pth
intra-subjects,1,3407,baseline,,0.5350000262260437,0.824999988079071,0.5350000262260437,0.824999988079071,0.0,0.0,3.6500000953674316,1.0,intra-subjects-seed3407/sub-01-seed3407/checkpoint_test_best.pth
intra-subjects,1,3407,T0,T0_0-52ms,0.5350000262260437,0.824999988079071,0.4950000047683716,0.800000011920929,0.04000002145767212,0.02499997615814209,4.045000076293945,2.0,intra-subjects-seed3407/sub-01-seed3407/checkpoint_test_best.pth
intra-subjects,1,3407,T1,T1_52-152ms,0.5350000262260437,0.824999988079071,0.18000000715255737,0.4699999988079071,0.35500001907348633,0.35499998927116394,15.899999618530273,6.0,intra-subjects-seed3407/sub-01-seed3407/checkpoint_test_best.pth
intra-subjects,1,3407,T2,T2_152-300ms,0.5350000262260437,0.824999988079071,0.16500000655651093,0.38499999046325684,0.3700000196695328,0.4399999976158142,20.110000610351562,10.0,intra-subjects-seed3407/sub-01-seed3407/checkpoint_test_best.pth
intra-subjects,1,3407,T3,T3_300-500ms,0.5350000262260437,0.824999988079071,0.3050000071525574,0.6000000238418579,0.23000001907348633,0.22499996423721313,10.180000305175781,3.0,intra-subjects-seed3407/sub-01-seed3407/checkpoint_test_best.pth
intra-subjects,1,3407,T4,T4_500-800ms,0.5350000262260437,0.824999988079071,0.4399999976158142,0.7599999904632568,0.09500002861022949,0.06499999761581421,5.269999980926514,2.0,intra-subjects-seed3407/sub-01-seed3407/checkpoint_test_best.pth
intra-subjects,1,42,baseline,,0.5,0.8450000286102295,0.5,0.8450000286102295,0.0,0.0,3.4100000858306885,1.0,intra-subjects-seed42/sub-01-seed42/checkpoint_test_best.pth
intra-subjects,1,42,T0,T0_0-52ms,0.5,0.8450000286102295,0.5,0.800000011920929,0.0,0.04500001668930054,3.9600000381469727,1.0,intra-subjects-seed42/sub-01-seed42/checkpoint_test_best.pth
intra-subjects,1,42,T1,T1_52-152ms,0.5,0.8450000286102295,0.1899999976158142,0.5099999904632568,0.3100000023841858,0.33500003814697266,14.420000076293945,5.0,intra-subjects-seed42/sub-01-seed42/checkpoint_test_best.pth
intra-subjects,1,42,T2,T2_152-300ms,0.5,0.8450000286102295,0.14000000059604645,0.4050000011920929,0.35999999940395355,0.4400000274181366,18.969999313354492,9.0,intra-subjects-seed42/sub-01-seed42/checkpoint_test_best.pth
intra-subjects,1,42,T3,T3_300-500ms,0.5,0.8450000286102295,0.30000001192092896,0.5649999976158142,0.19999998807907104,0.2800000309944153,10.994999885559082,3.0,intra-subjects-seed42/sub-01-seed42/checkpoint_test_best.pth
intra-subjects,1,42,T4,T4_500-800ms,0.5,0.8450000286102295,0.4399999976158142,0.7599999904632568,0.06000000238418579,0.08500003814697266,4.934999942779541,2.0,intra-subjects-seed42/sub-01-seed42/checkpoint_test_best.pth
intra-subjects,1,9999,baseline,,0.5950000286102295,0.8450000286102295,0.5950000286102295,0.8450000286102295,0.0,0.0,3.3450000286102295,1.0,intra-subjects-seed9999/sub-01-seed9999/checkpoint_test_best.pth
intra-subjects,1,9999,T0,T0_0-52ms,0.5950000286102295,0.8450000286102295,0.5350000262260437,0.8399999737739563,0.06000000238418579,0.005000054836273193,3.7750000953674316,1.0,intra-subjects-seed9999/sub-01-seed9999/checkpoint_test_best.pth
intra-subjects,1,9999,T1,T1_52-152ms,0.5950000286102295,0.8450000286102295,0.1899999976158142,0.5049999952316284,0.4050000309944153,0.3400000333786011,15.220000267028809,5.0,intra-subjects-seed9999/sub-01-seed9999/checkpoint_test_best.pth
intra-subjects,1,9999,T2,T2_152-300ms,0.5950000286102295,0.8450000286102295,0.18000000715255737,0.4350000023841858,0.4150000214576721,0.4100000262260437,17.649999618530273,8.0,intra-subjects-seed9999/sub-01-seed9999/checkpoint_test_best.pth
intra-subjects,1,9999,T3,T3_300-500ms,0.5950000286102295,0.8450000286102295,0.33500000834465027,0.6449999809265137,0.2600000202655792,0.20000004768371582,10.039999961853027,3.0,intra-subjects-seed9999/sub-01-seed9999/checkpoint_test_best.pth
intra-subjects,1,9999,T4,T4_500-800ms,0.5950000286102295,0.8450000286102295,0.5099999904632568,0.8100000023841858,0.08500003814697266,0.0350000262260437,4.505000114440918,1.0,intra-subjects-seed9999/sub-01-seed9999/checkpoint_test_best.pth
intra-subjects,2,1234,baseline,,0.6100000143051147,0.9200000166893005,0.6100000143051147,0.9200000166893005,0.0,0.0,2.4649999141693115,1.0,intra-subjects-seed1234/sub-02-seed1234/checkpoint_test_best.pth
intra-subjects,2,1234,T0,T0_0-52ms,0.6100000143051147,0.9200000166893005,0.6000000238418579,0.9150000214576721,0.009999990463256836,0.004999995231628418,2.684999942779541,1.0,intra-subjects-seed1234/sub-02-seed1234/checkpoint_test_best.pth
intra-subjects,2,1234,T1,T1_52-152ms,0.6100000143051147,0.9200000166893005,0.36500000953674316,0.6499999761581421,0.24500000476837158,0.27000004053115845,8.135000228881836,3.0,intra-subjects-seed1234/sub-02-seed1234/checkpoint_test_best.pth
intra-subjects,2,1234,T2,T2_152-300ms,0.6100000143051147,0.9200000166893005,0.16500000655651093,0.45500001311302185,0.4450000077486038,0.4650000035762787,21.690000534057617,7.0,intra-subjects-seed1234/sub-02-seed1234/checkpoint_test_best.pth
intra-subjects,2,1234,T3,T3_300-500ms,0.6100000143051147,0.9200000166893005,0.4449999928474426,0.7649999856948853,0.16500002145767212,0.15500003099441528,6.070000171661377,2.0,intra-subjects-seed1234/sub-02-seed1234/checkpoint_test_best.pth
intra-subjects,2,1234,T4,T4_500-800ms,0.6100000143051147,0.9200000166893005,0.5299999713897705,0.824999988079071,0.08000004291534424,0.09500002861022949,4.295000076293945,1.0,intra-subjects-seed1234/sub-02-seed1234/checkpoint_test_best.pth
intra-subjects,2,2025,baseline,,0.6449999809265137,0.925000011920929,0.6449999809265137,0.925000011920929,0.0,0.0,2.2049999237060547,1.0,intra-subjects-seed2025/sub-02-seed2025/checkpoint_test_best.pth
intra-subjects,2,2025,T0,T0_0-52ms,0.6449999809265137,0.925000011920929,0.6449999809265137,0.9200000166893005,0.0,0.004999995231628418,2.255000114440918,1.0,intra-subjects-seed2025/sub-02-seed2025/checkpoint_test_best.pth
intra-subjects,2,2025,T1,T1_52-152ms,0.6449999809265137,0.925000011920929,0.32499998807907104,0.6899999976158142,0.3199999928474426,0.23500001430511475,8.404999732971191,3.0,intra-subjects-seed2025/sub-02-seed2025/checkpoint_test_best.pth
intra-subjects,2,2025,T2,T2_152-300ms,0.6449999809265137,0.925000011920929,0.17499999701976776,0.41999998688697815,0.4699999839067459,0.5050000250339508,21.040000915527344,9.0,intra-subjects-seed2025/sub-02-seed2025/checkpoint_test_best.pth
intra-subjects,2,2025,T3,T3_300-500ms,0.6449999809265137,0.925000011920929,0.375,0.7350000143051147,0.26999998092651367,0.1899999976158142,6.40500020980835,2.0,intra-subjects-seed2025/sub-02-seed2025/checkpoint_test_best.pth
intra-subjects,2,2025,T4,T4_500-800ms,0.6449999809265137,0.925000011920929,0.5299999713897705,0.8299999833106995,0.11500000953674316,0.09500002861022949,3.5450000762939453,1.0,intra-subjects-seed2025/sub-02-seed2025/checkpoint_test_best.pth
intra-subjects,2,3407,baseline,,0.6349999904632568,0.9350000023841858,0.6349999904632568,0.9350000023841858,0.0,0.0,2.4800000190734863,1.0,intra-subjects-seed3407/sub-02-seed3407/checkpoint_test_best.pth
intra-subjects,2,3407,T0,T0_0-52ms,0.6349999904632568,0.9350000023841858,0.6100000143051147,0.9100000262260437,0.02499997615814209,0.02499997615814209,2.6549999713897705,1.0,intra-subjects-seed3407/sub-02-seed3407/checkpoint_test_best.pth
intra-subjects,2,3407,T1,T1_52-152ms,0.6349999904632568,0.9350000023841858,0.3199999928474426,0.6399999856948853,0.3149999976158142,0.29500001668930054,8.40999984741211,3.0,intra-subjects-seed3407/sub-02-seed3407/checkpoint_test_best.pth
intra-subjects,2,3407,T2,T2_152-300ms,0.6349999904632568,0.9350000023841858,0.1899999976158142,0.4399999976158142,0.4449999928474426,0.4950000047683716,19.934999465942383,7.0,intra-subjects-seed3407/sub-02-seed3407/checkpoint_test_best.pth
intra-subjects,2,3407,T3,T3_300-500ms,0.6349999904632568,0.9350000023841858,0.4050000011920929,0.7549999952316284,0.22999998927116394,0.18000000715255737,6.510000228881836,2.0,intra-subjects-seed3407/sub-02-seed3407/checkpoint_test_best.pth
intra-subjects,2,3407,T4,T4_500-800ms,0.6349999904632568,0.9350000023841858,0.5350000262260437,0.8349999785423279,0.09999996423721313,0.10000002384185791,4.09499979019165,1.0,intra-subjects-seed3407/sub-02-seed3407/checkpoint_test_best.pth
intra-subjects,2,42,baseline,,0.6800000071525574,0.9449999928474426,0.6800000071525574,0.9449999928474426,0.0,0.0,2.2300000190734863,1.0,intra-subjects-seed42/sub-02-seed42/checkpoint_test_best.pth
intra-subjects,2,42,T0,T0_0-52ms,0.6800000071525574,0.9449999928474426,0.675000011920929,0.9300000071525574,0.004999995231628418,0.014999985694885254,2.3499999046325684,1.0,intra-subjects-seed42/sub-02-seed42/checkpoint_test_best.pth
intra-subjects,2,42,T1,T1_52-152ms,0.6800000071525574,0.9449999928474426,0.28999999165534973,0.6399999856948853,0.39000001549720764,0.3050000071525574,9.100000381469727,3.0,intra-subjects-seed42/sub-02-seed42/checkpoint_test_best.pth
intra-subjects,2,42,T2,T2_152-300ms,0.6800000071525574,0.9449999928474426,0.1550000011920929,0.41499999165534973,0.5250000059604645,0.5300000011920929,21.014999389648438,7.0,intra-subjects-seed42/sub-02-seed42/checkpoint_test_best.pth
intra-subjects,2,42,T3,T3_300-500ms,0.6800000071525574,0.9449999928474426,0.4449999928474426,0.7450000047683716,0.23500001430511475,0.19999998807907104,6.710000038146973,2.0,intra-subjects-seed42/sub-02-seed42/checkpoint_test_best.pth
intra-subjects,2,42,T4,T4_500-800ms,0.6800000071525574,0.9449999928474426,0.5299999713897705,0.8500000238418579,0.15000003576278687,0.09499996900558472,3.799999952316284,1.0,intra-subjects-seed42/sub-02-seed42/checkpoint_test_best.pth
intra-subjects,2,9999,baseline,,0.6499999761581421,0.9200000166893005,0.6499999761581421,0.9200000166893005,0.0,0.0,2.450000047683716,1.0,intra-subjects-seed9999/sub-02-seed9999/checkpoint_test_best.pth
intra-subjects,2,9999,T0,T0_0-52ms,0.6499999761581421,0.9200000166893005,0.6349999904632568,0.9100000262260437,0.014999985694885254,0.009999990463256836,2.5850000381469727,1.0,intra-subjects-seed9999/sub-02-seed9999/checkpoint_test_best.pth
intra-subjects,2,9999,T1,T1_52-152ms,0.6499999761581421,0.9200000166893005,0.30000001192092896,0.6650000214576721,0.34999996423721313,0.2549999952316284,8.529999732971191,3.0,intra-subjects-seed9999/sub-02-seed9999/checkpoint_test_best.pth
intra-subjects,2,9999,T2,T2_152-300ms,0.6499999761581421,0.9200000166893005,0.17499999701976776,0.4099999964237213,0.47499997913837433,0.5100000202655792,21.385000228881836,8.0,intra-subjects-seed9999/sub-02-seed9999/checkpoint_test_best.pth
intra-subjects,2,9999,T3,T3_300-500ms,0.6499999761581421,0.9200000166893005,0.44999998807907104,0.7200000286102295,0.19999998807907104,0.19999998807907104,6.664999961853027,2.0,intra-subjects-seed9999/sub-02-seed9999/checkpoint_test_best.pth
intra-subjects,2,9999,T4,T4_500-800ms,0.6499999761581421,0.9200000166893005,0.5350000262260437,0.8450000286102295,0.11499994993209839,0.07499998807907104,3.625,1.0,intra-subjects-seed9999/sub-02-seed9999/checkpoint_test_best.pth
intra-subjects,3,1234,baseline,,0.5799999833106995,0.9049999713897705,0.5799999833106995,0.9049999713897705,0.0,0.0,2.674999952316284,1.0,intra-subjects-seed1234/sub-03-seed1234/checkpoint_test_best.pth
intra-subjects,3,1234,T0,T0_0-52ms,0.5799999833106995,0.9049999713897705,0.5400000214576721,0.8999999761581421,0.039999961853027344,0.004999995231628418,2.7799999713897705,1.0,intra-subjects-seed1234/sub-03-seed1234/checkpoint_test_best.pth
intra-subjects,3,1234,T1,T1_52-152ms,0.5799999833106995,0.9049999713897705,0.25999999046325684,0.5600000023841858,0.3199999928474426,0.3449999690055847,10.994999885559082,4.0,intra-subjects-seed1234/sub-03-seed1234/checkpoint_test_best.pth
intra-subjects,3,1234,T2,T2_152-300ms,0.5799999833106995,0.9049999713897705,0.10999999940395355,0.38999998569488525,0.4699999839067459,0.5149999856948853,20.184999465942383,9.0,intra-subjects-seed1234/sub-03-seed1234/checkpoint_test_best.pth
intra-subjects,3,1234,T3,T3_300-500ms,0.5799999833106995,0.9049999713897705,0.4300000071525574,0.7549999952316284,0.1499999761581421,0.1499999761581421,5.045000076293945,2.0,intra-subjects-seed1234/sub-03-seed1234/checkpoint_test_best.pth
intra-subjects,3,1234,T4,T4_500-800ms,0.5799999833106995,0.9049999713897705,0.4449999928474426,0.8199999928474426,0.13499999046325684,0.08499997854232788,4.159999847412109,2.0,intra-subjects-seed1234/sub-03-seed1234/checkpoint_test_best.pth
intra-subjects,3,2025,baseline,,0.6050000190734863,0.8849999904632568,0.6050000190734863,0.8849999904632568,0.0,0.0,2.7899999618530273,1.0,intra-subjects-seed2025/sub-03-seed2025/checkpoint_test_best.pth
intra-subjects,3,2025,T0,T0_0-52ms,0.6050000190734863,0.8849999904632568,0.5649999976158142,0.8849999904632568,0.04000002145767212,0.0,3.049999952316284,1.0,intra-subjects-seed2025/sub-03-seed2025/checkpoint_test_best.pth
intra-subjects,3,2025,T1,T1_52-152ms,0.6050000190734863,0.8849999904632568,0.27000001072883606,0.5550000071525574,0.33500000834465027,0.32999998331069946,12.869999885559082,4.0,intra-subjects-seed2025/sub-03-seed2025/checkpoint_test_best.pth
intra-subjects,3,2025,T2,T2_152-300ms,0.6050000190734863,0.8849999904632568,0.11999999731779099,0.3700000047683716,0.48500002175569534,0.5149999856948853,23.329999923706055,11.0,intra-subjects-seed2025/sub-03-seed2025/checkpoint_test_best.pth
intra-subjects,3,2025,T3,T3_300-500ms,0.6050000190734863,0.8849999904632568,0.39500001072883606,0.7300000190734863,0.21000000834465027,0.1549999713897705,5.539999961853027,2.0,intra-subjects-seed2025/sub-03-seed2025/checkpoint_test_best.pth
intra-subjects,3,2025,T4,T4_500-800ms,0.6050000190734863,0.8849999904632568,0.47999998927116394,0.8349999785423279,0.1250000298023224,0.050000011920928955,4.014999866485596,2.0,intra-subjects-seed2025/sub-03-seed2025/checkpoint_test_best.pth
intra-subjects,3,3407,baseline,,0.574999988079071,0.9200000166893005,0.574999988079071,0.9200000166893005,0.0,0.0,2.6649999618530273,1.0,intra-subjects-seed3407/sub-03-seed3407/checkpoint_test_best.pth
intra-subjects,3,3407,T0,T0_0-52ms,0.574999988079071,0.9200000166893005,0.550000011920929,0.9150000214576721,0.02499997615814209,0.004999995231628418,2.880000114440918,1.0,intra-subjects-seed3407/sub-03-seed3407/checkpoint_test_best.pth
intra-subjects,3,3407,T1,T1_52-152ms,0.574999988079071,0.9200000166893005,0.2750000059604645,0.5899999737739563,0.29999998211860657,0.33000004291534424,10.770000457763672,4.0,intra-subjects-seed3407/sub-03-seed3407/checkpoint_test_best.pth
intra-subjects,3,3407,T2,T2_152-300ms,0.574999988079071,0.9200000166893005,0.11500000208616257,0.30000001192092896,0.4599999859929085,0.6200000047683716,21.34000015258789,11.0,intra-subjects-seed3407/sub-03-seed3407/checkpoint_test_best.pth
intra-subjects,3,3407,T3,T3_300-500ms,0.574999988079071,0.9200000166893005,0.42500001192092896,0.7950000166893005,0.1499999761581421,0.125,5.074999809265137,2.0,intra-subjects-seed3407/sub-03-seed3407/checkpoint_test_best.pth
intra-subjects,3,3407,T4,T4_500-800ms,0.574999988079071,0.9200000166893005,0.4399999976158142,0.7900000214576721,0.13499999046325684,0.12999999523162842,4.40500020980835,2.0,intra-subjects-seed3407/sub-03-seed3407/checkpoint_test_best.pth
intra-subjects,3,42,baseline,,0.5899999737739563,0.9049999713897705,0.5899999737739563,0.9049999713897705,0.0,0.0,2.7100000381469727,1.0,intra-subjects-seed42/sub-03-seed42/checkpoint_test_best.pth
intra-subjects,3,42,T0,T0_0-52ms,0.5899999737739563,0.9049999713897705,0.5799999833106995,0.8999999761581421,0.009999990463256836,0.004999995231628418,2.765000104904175,1.0,intra-subjects-seed42/sub-03-seed42/checkpoint_test_best.pth
intra-subjects,3,42,T1,T1_52-152ms,0.5899999737739563,0.9049999713897705,0.26499998569488525,0.5299999713897705,0.32499998807907104,0.375,11.454999923706055,5.0,intra-subjects-seed42/sub-03-seed42/checkpoint_test_best.pth
intra-subjects,3,42,T2,T2_152-300ms,0.5899999737739563,0.9049999713897705,0.14499999582767487,0.38499999046325684,0.44499997794628143,0.5199999809265137,20.604999542236328,9.0,intra-subjects-seed42/sub-03-seed42/checkpoint_test_best.pth
intra-subjects,3,42,T3,T3_300-500ms,0.5899999737739563,0.9049999713897705,0.41499999165534973,0.7350000143051147,0.17499998211860657,0.16999995708465576,5.585000038146973,2.0,intra-subjects-seed42/sub-03-seed42/checkpoint_test_best.pth
intra-subjects,3,42,T4,T4_500-800ms,0.5899999737739563,0.9049999713897705,0.4350000023841858,0.824999988079071,0.1549999713897705,0.07999998331069946,4.184999942779541,2.0,intra-subjects-seed42/sub-03-seed42/checkpoint_test_best.pth
intra-subjects,3,9999,baseline,,0.6200000047683716,0.9300000071525574,0.6200000047683716,0.9300000071525574,0.0,0.0,2.509999990463257,1.0,intra-subjects-seed9999/sub-03-seed9999/checkpoint_test_best.pth
intra-subjects,3,9999,T0,T0_0-52ms,0.6200000047683716,0.9300000071525574,0.6150000095367432,0.9150000214576721,0.004999995231628418,0.014999985694885254,2.5950000286102295,1.0,intra-subjects-seed9999/sub-03-seed9999/checkpoint_test_best.pth
intra-subjects,3,9999,T1,T1_52-152ms,0.6200000047683716,0.9300000071525574,0.2750000059604645,0.5699999928474426,0.3449999988079071,0.36000001430511475,11.100000381469727,4.0,intra-subjects-seed9999/sub-03-seed9999/checkpoint_test_best.pth
intra-subjects,3,9999,T2,T2_152-300ms,0.6200000047683716,0.9300000071525574,0.10499999672174454,0.36500000953674316,0.515000008046627,0.5649999976158142,22.635000228881836,11.0,intra-subjects-seed9999/sub-03-seed9999/checkpoint_test_best.pth
intra-subjects,3,9999,T3,T3_300-500ms,0.6200000047683716,0.9300000071525574,0.42500001192092896,0.7749999761581421,0.19499999284744263,0.15500003099441528,4.710000038146973,2.0,intra-subjects-seed9999/sub-03-seed9999/checkpoint_test_best.pth
intra-subjects,3,9999,T4,T4_500-800ms,0.6200000047683716,0.9300000071525574,0.48500001430511475,0.7950000166893005,0.13499999046325684,0.13499999046325684,4.065000057220459,2.0,intra-subjects-seed9999/sub-03-seed9999/checkpoint_test_best.pth
intra-subjects,4,1234,baseline,,0.6150000095367432,0.9100000262260437,0.6150000095367432,0.9100000262260437,0.0,0.0,2.434999942779541,1.0,intra-subjects-seed1234/sub-04-seed1234/checkpoint_test_best.pth
intra-subjects,4,1234,T0,T0_0-52ms,0.6150000095367432,0.9100000262260437,0.6000000238418579,0.9300000071525574,0.014999985694885254,-0.019999980926513672,2.4649999141693115,1.0,intra-subjects-seed1234/sub-04-seed1234/checkpoint_test_best.pth
intra-subjects,4,1234,T1,T1_52-152ms,0.6150000095367432,0.9100000262260437,0.33500000834465027,0.6600000262260437,0.2800000011920929,0.25,7.824999809265137,3.0,intra-subjects-seed1234/sub-04-seed1234/checkpoint_test_best.pth
intra-subjects,4,1234,T2,T2_152-300ms,0.6150000095367432,0.9100000262260437,0.18000000715255737,0.4399999976158142,0.4350000023841858,0.4700000286102295,18.40999984741211,7.0,intra-subjects-seed1234/sub-04-seed1234/checkpoint_test_best.pth
intra-subjects,4,1234,T3,T3_300-500ms,0.6150000095367432,0.9100000262260437,0.4000000059604645,0.7599999904632568,0.2150000035762787,0.15000003576278687,4.440000057220459,2.0,intra-subjects-seed1234/sub-04-seed1234/checkpoint_test_best.pth
intra-subjects,4,1234,T4,T4_500-800ms,0.6150000095367432,0.9100000262260437,0.5400000214576721,0.8399999737739563,0.07499998807907104,0.0700000524520874,3.2249999046325684,1.0,intra-subjects-seed1234/sub-04-seed1234/checkpoint_test_best.pth
intra-subjects,4,2025,baseline,,0.6399999856948853,0.8799999952316284,0.6399999856948853,0.8799999952316284,0.0,0.0,2.440000057220459,1.0,intra-subjects-seed2025/sub-04-seed2025/checkpoint_test_best.pth
intra-subjects,4,2025,T0,T0_0-52ms,0.6399999856948853,0.8799999952316284,0.6150000095367432,0.8849999904632568,0.02499997615814209,-0.004999995231628418,2.509999990463257,1.0,intra-subjects-seed2025/sub-04-seed2025/checkpoint_test_best.pth
intra-subjects,4,2025,T1,T1_52-152ms,0.6399999856948853,0.8799999952316284,0.32499998807907104,0.6200000047683716,0.3149999976158142,0.25999999046325684,8.1899995803833,3.0,intra-subjects-seed2025/sub-04-seed2025/checkpoint_test_best.pth
intra-subjects,4,2025,T2,T2_152-300ms,0.6399999856948853,0.8799999952316284,0.2150000035762787,0.49000000953674316,0.42499998211860657,0.38999998569488525,17.959999084472656,6.0,intra-subjects-seed2025/sub-04-seed2025/checkpoint_test_best.pth
intra-subjects,4,2025,T3,T3_300-500ms,0.6399999856948853,0.8799999952316284,0.4350000023841858,0.7599999904632568,0.20499998331069946,0.12000000476837158,4.644999980926514,2.0,intra-subjects-seed2025/sub-04-seed2025/checkpoint_test_best.pth
intra-subjects,4,2025,T4,T4_500-800ms,0.6399999856948853,0.8799999952316284,0.5350000262260437,0.8399999737739563,0.10499995946884155,0.04000002145767212,3.505000114440918,1.0,intra-subjects-seed2025/sub-04-seed2025/checkpoint_test_best.pth
intra-subjects,4,3407,baseline,,0.6100000143051147,0.8999999761581421,0.6100000143051147,0.8999999761581421,0.0,0.0,2.5350000858306885,1.0,intra-subjects-seed3407/sub-04-seed3407/checkpoint_test_best.pth
intra-subjects,4,3407,T0,T0_0-52ms,0.6100000143051147,0.8999999761581421,0.574999988079071,0.8949999809265137,0.0350000262260437,0.004999995231628418,2.75,1.0,intra-subjects-seed3407/sub-04-seed3407/checkpoint_test_best.pth
intra-subjects,4,3407,T1,T1_52-152ms,0.6100000143051147,0.8999999761581421,0.36000001430511475,0.6800000071525574,0.25,0.21999996900558472,7.414999961853027,2.0,intra-subjects-seed3407/sub-04-seed3407/checkpoint_test_best.pth
intra-subjects,4,3407,T2,T2_152-300ms,0.6100000143051147,0.8999999761581421,0.20999999344348907,0.5,0.40000002086162567,0.3999999761581421,17.114999771118164,5.0,intra-subjects-seed3407/sub-04-seed3407/checkpoint_test_best.pth
intra-subjects,4,3407,T3,T3_300-500ms,0.6100000143051147,0.8999999761581421,0.4050000011920929,0.7450000047683716,0.20500001311302185,0.1549999713897705,5.590000152587891,2.0,intra-subjects-seed3407/sub-04-seed3407/checkpoint_test_best.pth
intra-subjects,4,3407,T4,T4_500-800ms,0.6100000143051147,0.8999999761581421,0.4950000047683716,0.8199999928474426,0.11500000953674316,0.07999998331069946,3.694999933242798,2.0,intra-subjects-seed3407/sub-04-seed3407/checkpoint_test_best.pth
intra-subjects,4,42,baseline,,0.5849999785423279,0.8999999761581421,0.5849999785423279,0.8999999761581421,0.0,0.0,2.4000000953674316,1.0,intra-subjects-seed42/sub-04-seed42/checkpoint_test_best.pth
intra-subjects,4,42,T0,T0_0-52ms,0.5849999785423279,0.8999999761581421,0.574999988079071,0.8949999809265137,0.009999990463256836,0.004999995231628418,2.484999895095825,1.0,intra-subjects-seed42/sub-04-seed42/checkpoint_test_best.pth
intra-subjects,4,42,T1,T1_52-152ms,0.5849999785423279,0.8999999761581421,0.36000001430511475,0.675000011920929,0.22499996423721313,0.22499996423721313,7.5,3.0,intra-subjects-seed42/sub-04-seed42/checkpoint_test_best.pth
intra-subjects,4,42,T2,T2_152-300ms,0.5849999785423279,0.8999999761581421,0.23000000417232513,0.4699999988079071,0.35499997437000275,0.429999977350235,18.104999542236328,6.0,intra-subjects-seed42/sub-04-seed42/checkpoint_test_best.pth
intra-subjects,4,42,T3,T3_300-500ms,0.5849999785423279,0.8999999761581421,0.3700000047683716,0.7549999952316284,0.2149999737739563,0.14499998092651367,4.699999809265137,2.0,intra-subjects-seed42/sub-04-seed42/checkpoint_test_best.pth
intra-subjects,4,42,T4,T4_500-800ms,0.5849999785423279,0.8999999761581421,0.5049999952316284,0.8399999737739563,0.07999998331069946,0.06000000238418579,3.4149999618530273,1.0,intra-subjects-seed42/sub-04-seed42/checkpoint_test_best.pth
intra-subjects,4,9999,baseline,,0.625,0.8799999952316284,0.625,0.8799999952316284,0.0,0.0,2.5,1.0,intra-subjects-seed9999/sub-04-seed9999/checkpoint_test_best.pth
intra-subjects,4,9999,T0,T0_0-52ms,0.625,0.8799999952316284,0.6299999952316284,0.8700000047683716,-0.004999995231628418,0.009999990463256836,2.640000104904175,1.0,intra-subjects-seed9999/sub-04-seed9999/checkpoint_test_best.pth
intra-subjects,4,9999,T1,T1_52-152ms,0.625,0.8799999952316284,0.33500000834465027,0.6549999713897705,0.28999999165534973,0.2250000238418579,7.465000152587891,3.0,intra-subjects-seed9999/sub-04-seed9999/checkpoint_test_best.pth
intra-subjects,4,9999,T2,T2_152-300ms,0.625,0.8799999952316284,0.23999999463558197,0.4699999988079071,0.38500000536441803,0.4099999964237213,17.30500030517578,6.0,intra-subjects-seed9999/sub-04-seed9999/checkpoint_test_best.pth
intra-subjects,4,9999,T3,T3_300-500ms,0.625,0.8799999952316284,0.4099999964237213,0.7200000286102295,0.2150000035762787,0.15999996662139893,5.784999847412109,2.0,intra-subjects-seed9999/sub-04-seed9999/checkpoint_test_best.pth
intra-subjects,4,9999,T4,T4_500-800ms,0.625,0.8799999952316284,0.5350000262260437,0.824999988079071,0.0899999737739563,0.05500000715255737,3.515000104904175,1.0,intra-subjects-seed9999/sub-04-seed9999/checkpoint_test_best.pth
intra-subjects,5,1234,baseline,,0.5450000166893005,0.8849999904632568,0.5450000166893005,0.8849999904632568,0.0,0.0,3.5799999237060547,1.0,intra-subjects-seed1234/sub-05-seed1234/checkpoint_test_best.pth
intra-subjects,5,1234,T0,T0_0-52ms,0.5450000166893005,0.8849999904632568,0.5249999761581421,0.8550000190734863,0.020000040531158447,0.029999971389770508,4.320000171661377,1.0,intra-subjects-seed1234/sub-05-seed1234/checkpoint_test_best.pth
intra-subjects,5,1234,T1,T1_52-152ms,0.5450000166893005,0.8849999904632568,0.3149999976158142,0.6299999952316284,0.23000001907348633,0.2549999952316284,9.164999961853027,3.0,intra-subjects-seed1234/sub-05-seed1234/checkpoint_test_best.pth
intra-subjects,5,1234,T2,T2_152-300ms,0.5450000166893005,0.8849999904632568,0.10999999940395355,0.25,0.435000017285347,0.6349999904632568,28.65999984741211,16.0,intra-subjects-seed1234/sub-05-seed1234/checkpoint_test_best.pth
intra-subjects,5,1234,T3,T3_300-500ms,0.5450000166893005,0.8849999904632568,0.4099999964237213,0.7099999785423279,0.13500002026557922,0.17500001192092896,7.539999961853027,2.0,intra-subjects-seed1234/sub-05-seed1234/checkpoint_test_best.pth
intra-subjects,5,1234,T4,T4_500-800ms,0.5450000166893005,0.8849999904632568,0.46000000834465027,0.824999988079071,0.08500000834465027,0.06000000238418579,4.619999885559082,2.0,intra-subjects-seed1234/sub-05-seed1234/checkpoint_test_best.pth
intra-subjects,5,2025,baseline,,0.550000011920929,0.8450000286102295,0.550000011920929,0.8450000286102295,0.0,0.0,3.825000047683716,1.0,intra-subjects-seed2025/sub-05-seed2025/checkpoint_test_best.pth
intra-subjects,5,2025,T0,T0_0-52ms,0.550000011920929,0.8450000286102295,0.49000000953674316,0.8149999976158142,0.06000000238418579,0.030000030994415283,4.5,2.0,intra-subjects-seed2025/sub-05-seed2025/checkpoint_test_best.pth
intra-subjects,5,2025,T1,T1_52-152ms,0.550000011920929,0.8450000286102295,0.3400000035762787,0.6499999761581421,0.21000000834465027,0.1950000524520874,9.880000114440918,3.0,intra-subjects-seed2025/sub-05-seed2025/checkpoint_test_best.pth
intra-subjects,5,2025,T2,T2_152-300ms,0.550000011920929,0.8450000286102295,0.10499999672174454,0.25999999046325684,0.4450000151991844,0.5850000381469727,28.75,17.0,intra-subjects-seed2025/sub-05-seed2025/checkpoint_test_best.pth
intra-subjects,5,2025,T3,T3_300-500ms,0.550000011920929,0.8450000286102295,0.3499999940395355,0.7200000286102295,0.20000001788139343,0.125,8.265000343322754,3.0,intra-subjects-seed2025/sub-05-seed2025/checkpoint_test_best.pth
intra-subjects,5,2025,T4,T4_500-800ms,0.550000011920929,0.8450000286102295,0.4449999928474426,0.7850000262260437,0.10500001907348633,0.06000000238418579,5.059999942779541,2.0,intra-subjects-seed2025/sub-05-seed2025/checkpoint_test_best.pth
intra-subjects,5,3407,baseline,,0.5649999976158142,0.8600000143051147,0.5649999976158142,0.8600000143051147,0.0,0.0,3.7149999141693115,1.0,intra-subjects-seed3407/sub-05-seed3407/checkpoint_test_best.pth
intra-subjects,5,3407,T0,T0_0-52ms,0.5649999976158142,0.8600000143051147,0.5299999713897705,0.8650000095367432,0.0350000262260437,-0.004999995231628418,3.9700000286102295,1.0,intra-subjects-seed3407/sub-05-seed3407/checkpoint_test_best.pth
intra-subjects,5,3407,T1,T1_52-152ms,0.5649999976158142,0.8600000143051147,0.3400000035762787,0.6549999713897705,0.22499999403953552,0.20500004291534424,8.78499984741211,3.0,intra-subjects-seed3407/sub-05-seed3407/checkpoint_test_best.pth
intra-subjects,5,3407,T2,T2_152-300ms,0.5649999976158142,0.8600000143051147,0.09000000357627869,0.23499999940395355,0.4749999940395355,0.6250000149011612,28.96500015258789,16.0,intra-subjects-seed3407/sub-05-seed3407/checkpoint_test_best.pth
intra-subjects,5,3407,T3,T3_300-500ms,0.5649999976158142,0.8600000143051147,0.3799999952316284,0.7099999785423279,0.1850000023841858,0.15000003576278687,7.440000057220459,2.0,intra-subjects-seed3407/sub-05-seed3407/checkpoint_test_best.pth
intra-subjects,5,3407,T4,T4_500-800ms,0.5649999976158142,0.8600000143051147,0.5049999952316284,0.8199999928474426,0.06000000238418579,0.04000002145767212,4.605000019073486,1.0,intra-subjects-seed3407/sub-05-seed3407/checkpoint_test_best.pth
intra-subjects,5,42,baseline,,0.5550000071525574,0.8349999785423279,0.5550000071525574,0.8349999785423279,0.0,0.0,4.079999923706055,1.0,intra-subjects-seed42/sub-05-seed42/checkpoint_test_best.pth
intra-subjects,5,42,T0,T0_0-52ms,0.5550000071525574,0.8349999785423279,0.5299999713897705,0.7900000214576721,0.025000035762786865,0.04499995708465576,4.585000038146973,1.0,intra-subjects-seed42/sub-05-seed42/checkpoint_test_best.pth
intra-subjects,5,42,T1,T1_52-152ms,0.5550000071525574,0.8349999785423279,0.3050000071525574,0.6299999952316284,0.25,0.20499998331069946,10.225000381469727,3.0,intra-subjects-seed42/sub-05-seed42/checkpoint_test_best.pth
intra-subjects,5,42,T2,T2_152-300ms,0.5550000071525574,0.8349999785423279,0.10499999672174454,0.28999999165534973,0.45000001043081284,0.5449999868869781,26.209999084472656,15.0,intra-subjects-seed42/sub-05-seed42/checkpoint_test_best.pth
intra-subjects,5,42,T3,T3_300-500ms,0.5550000071525574,0.8349999785423279,0.35499998927116394,0.6600000262260437,0.20000001788139343,0.17499995231628418,8.720000267028809,2.0,intra-subjects-seed42/sub-05-seed42/checkpoint_test_best.pth
intra-subjects,5,42,T4,T4_500-800ms,0.5550000071525574,0.8349999785423279,0.45500001311302185,0.8050000071525574,0.09999999403953552,0.029999971389770508,5.074999809265137,2.0,intra-subjects-seed42/sub-05-seed42/checkpoint_test_best.pth
intra-subjects,5,9999,baseline,,0.5649999976158142,0.875,0.5649999976158142,0.875,0.0,0.0,3.424999952316284,1.0,intra-subjects-seed9999/sub-05-seed9999/checkpoint_test_best.pth
intra-subjects,5,9999,T0,T0_0-52ms,0.5649999976158142,0.875,0.550000011920929,0.8500000238418579,0.014999985694885254,0.02499997615814209,4.085000038146973,1.0,intra-subjects-seed9999/sub-05-seed9999/checkpoint_test_best.pth
intra-subjects,5,9999,T1,T1_52-152ms,0.5649999976158142,0.875,0.36000001430511475,0.6449999809265137,0.20499998331069946,0.23000001907348633,9.460000038146973,3.0,intra-subjects-seed9999/sub-05-seed9999/checkpoint_test_best.pth
intra-subjects,5,9999,T2,T2_152-300ms,0.5649999976158142,0.875,0.10999999940395355,0.2549999952316284,0.45499999821186066,0.6200000047683716,28.204999923706055,15.0,intra-subjects-seed9999/sub-05-seed9999/checkpoint_test_best.pth
intra-subjects,5,9999,T3,T3_300-500ms,0.5649999976158142,0.875,0.33000001311302185,0.7049999833106995,0.23499998450279236,0.17000001668930054,7.605000019073486,2.0,intra-subjects-seed9999/sub-05-seed9999/checkpoint_test_best.pth
intra-subjects,5,9999,T4,T4_500-800ms,0.5649999976158142,0.875,0.49000000953674316,0.7950000166893005,0.07499998807907104,0.07999998331069946,4.40500020980835,2.0,intra-subjects-seed9999/sub-05-seed9999/checkpoint_test_best.pth
intra-subjects,6,1234,baseline,,0.7049999833106995,0.9150000214576721,0.7049999833106995,0.9150000214576721,0.0,0.0,2.065000057220459,1.0,intra-subjects-seed1234/sub-06-seed1234/checkpoint_test_best.pth
intra-subjects,6,1234,T0,T0_0-52ms,0.7049999833106995,0.9150000214576721,0.6850000023841858,0.9200000166893005,0.019999980926513672,-0.004999995231628418,2.190000057220459,1.0,intra-subjects-seed1234/sub-06-seed1234/checkpoint_test_best.pth
intra-subjects,6,1234,T1,T1_52-152ms,0.7049999833106995,0.9150000214576721,0.38499999046325684,0.7049999833106995,0.3199999928474426,0.21000003814697266,8.354999542236328,2.0,intra-subjects-seed1234/sub-06-seed1234/checkpoint_test_best.pth
intra-subjects,6,1234,T2,T2_152-300ms,0.7049999833106995,0.9150000214576721,0.10499999672174454,0.33500000834465027,0.5999999865889549,0.5800000131130219,24.799999237060547,13.0,intra-subjects-seed1234/sub-06-seed1234/checkpoint_test_best.pth
intra-subjects,6,1234,T3,T3_300-500ms,0.7049999833106995,0.9150000214576721,0.5099999904632568,0.8100000023841858,0.19499999284744263,0.10500001907348633,4.445000171661377,1.0,intra-subjects-seed1234/sub-06-seed1234/checkpoint_test_best.pth
intra-subjects,6,1234,T4,T4_500-800ms,0.7049999833106995,0.9150000214576721,0.6399999856948853,0.8700000047683716,0.06499999761581421,0.04500001668930054,2.7200000286102295,1.0,intra-subjects-seed1234/sub-06-seed1234/checkpoint_test_best.pth
intra-subjects,6,2025,baseline,,0.7099999785423279,0.9449999928474426,0.7099999785423279,0.9449999928474426,0.0,0.0,1.9299999475479126,1.0,intra-subjects-seed2025/sub-06-seed2025/checkpoint_test_best.pth
intra-subjects,6,2025,T0,T0_0-52ms,0.7099999785423279,0.9449999928474426,0.6949999928474426,0.9200000166893005,0.014999985694885254,0.02499997615814209,2.305000066757202,1.0,intra-subjects-seed2025/sub-06-seed2025/checkpoint_test_best.pth
intra-subjects,6,2025,T1,T1_52-152ms,0.7099999785423279,0.9449999928474426,0.4099999964237213,0.699999988079071,0.29999998211860657,0.24500000476837158,7.454999923706055,2.0,intra-subjects-seed2025/sub-06-seed2025/checkpoint_test_best.pth
intra-subjects,6,2025,T2,T2_152-300ms,0.7099999785423279,0.9449999928474426,0.0949999988079071,0.30000001192092896,0.6149999797344208,0.6449999809265137,24.15999984741211,12.0,intra-subjects-seed2025/sub-06-seed2025/checkpoint_test_best.pth
intra-subjects,6,2025,T3,T3_300-500ms,0.7099999785423279,0.9449999928474426,0.5350000262260437,0.8349999785423279,0.17499995231628418,0.11000001430511475,4.489999771118164,1.0,intra-subjects-seed2025/sub-06-seed2025/checkpoint_test_best.pth
intra-subjects,6,2025,T4,T4_500-800ms,0.7099999785423279,0.9449999928474426,0.5950000286102295,0.8650000095367432,0.11499994993209839,0.07999998331069946,2.984999895095825,1.0,intra-subjects-seed2025/sub-06-seed2025/checkpoint_test_best.pth
intra-subjects,6,3407,baseline,,0.6700000166893005,0.9350000023841858,0.6700000166893005,0.9350000023841858,0.0,0.0,2.2149999141693115,1.0,intra-subjects-seed3407/sub-06-seed3407/checkpoint_test_best.pth
intra-subjects,6,3407,T0,T0_0-52ms,0.6700000166893005,0.9350000023841858,0.6499999761581421,0.8999999761581421,0.020000040531158447,0.0350000262260437,2.640000104904175,1.0,intra-subjects-seed3407/sub-06-seed3407/checkpoint_test_best.pth
intra-subjects,6,3407,T1,T1_52-152ms,0.6700000166893005,0.9350000023841858,0.38499999046325684,0.6650000214576721,0.2850000262260437,0.26999998092651367,7.635000228881836,2.0,intra-subjects-seed3407/sub-06-seed3407/checkpoint_test_best.pth
intra-subjects,6,3407,T2,T2_152-300ms,0.6700000166893005,0.9350000023841858,0.11999999731779099,0.33500000834465027,0.5500000193715096,0.5999999940395355,24.80500030517578,12.0,intra-subjects-seed3407/sub-06-seed3407/checkpoint_test_best.pth
intra-subjects,6,3407,T3,T3_300-500ms,0.6700000166893005,0.9350000023841858,0.4950000047683716,0.8149999976158142,0.17500001192092896,0.12000000476837158,5.139999866485596,2.0,intra-subjects-seed3407/sub-06-seed3407/checkpoint_test_best.pth
intra-subjects,6,3407,T4,T4_500-800ms,0.6700000166893005,0.9350000023841858,0.6150000095367432,0.8600000143051147,0.05500000715255737,0.07499998807907104,3.1449999809265137,1.0,intra-subjects-seed3407/sub-06-seed3407/checkpoint_test_best.pth
intra-subjects,6,42,baseline,,0.699999988079071,0.9150000214576721,0.699999988079071,0.9150000214576721,0.0,0.0,2.1050000190734863,1.0,intra-subjects-seed42/sub-06-seed42/checkpoint_test_best.pth
intra-subjects,6,42,T0,T0_0-52ms,0.699999988079071,0.9150000214576721,0.6499999761581421,0.9200000166893005,0.050000011920928955,-0.004999995231628418,2.424999952316284,1.0,intra-subjects-seed42/sub-06-seed42/checkpoint_test_best.pth
intra-subjects,6,42,T1,T1_52-152ms,0.699999988079071,0.9150000214576721,0.38999998569488525,0.7250000238418579,0.3100000023841858,0.1899999976158142,8.350000381469727,3.0,intra-subjects-seed42/sub-06-seed42/checkpoint_test_best.pth
intra-subjects,6,42,T2,T2_152-300ms,0.699999988079071,0.9150000214576721,0.10499999672174454,0.32499998807907104,0.5949999913573265,0.5900000333786011,25.44499969482422,12.0,intra-subjects-seed42/sub-06-seed42/checkpoint_test_best.pth
intra-subjects,6,42,T3,T3_300-500ms,0.699999988079071,0.9150000214576721,0.48500001430511475,0.8199999928474426,0.2149999737739563,0.09500002861022949,4.644999980926514,2.0,intra-subjects-seed42/sub-06-seed42/checkpoint_test_best.pth
intra-subjects,6,42,T4,T4_500-800ms,0.699999988079071,0.9150000214576721,0.5849999785423279,0.8949999809265137,0.11500000953674316,0.020000040531158447,2.875,1.0,intra-subjects-seed42/sub-06-seed42/checkpoint_test_best.pth
intra-subjects,6,9999,baseline,,0.699999988079071,0.949999988079071,0.699999988079071,0.949999988079071,0.0,0.0,2.009999990463257,1.0,intra-subjects-seed9999/sub-06-seed9999/checkpoint_test_best.pth
intra-subjects,6,9999,T0,T0_0-52ms,0.699999988079071,0.949999988079071,0.6850000023841858,0.9100000262260437,0.014999985694885254,0.039999961853027344,2.4600000381469727,1.0,intra-subjects-seed9999/sub-06-seed9999/checkpoint_test_best.pth
intra-subjects,6,9999,T1,T1_52-152ms,0.699999988079071,0.949999988079071,0.375,0.6700000166893005,0.32499998807907104,0.2799999713897705,8.779999732971191,3.0,intra-subjects-seed9999/sub-06-seed9999/checkpoint_test_best.pth
intra-subjects,6,9999,T2,T2_152-300ms,0.699999988079071,0.949999988079071,0.11999999731779099,0.3149999976158142,0.5799999907612801,0.6349999904632568,24.635000228881836,13.0,intra-subjects-seed9999/sub-06-seed9999/checkpoint_test_best.pth
intra-subjects,6,9999,T3,T3_300-500ms,0.699999988079071,0.949999988079071,0.5149999856948853,0.8100000023841858,0.1850000023841858,0.13999998569488525,4.809999942779541,1.0,intra-subjects-seed9999/sub-06-seed9999/checkpoint_test_best.pth
intra-subjects,6,9999,T4,T4_500-800ms,0.699999988079071,0.949999988079071,0.5899999737739563,0.8949999809265137,0.11000001430511475,0.05500000715255737,2.7300000190734863,1.0,intra-subjects-seed9999/sub-06-seed9999/checkpoint_test_best.pth
intra-subjects,7,1234,baseline,,0.6399999856948853,0.9100000262260437,0.6399999856948853,0.9100000262260437,0.0,0.0,3.140000104904175,1.0,intra-subjects-seed1234/sub-07-seed1234/checkpoint_test_best.pth
intra-subjects,7,1234,T0,T0_0-52ms,0.6399999856948853,0.9100000262260437,0.6050000190734863,0.8949999809265137,0.034999966621398926,0.01500004529953003,3.4000000953674316,1.0,intra-subjects-seed1234/sub-07-seed1234/checkpoint_test_best.pth
intra-subjects,7,1234,T1,T1_52-152ms,0.6399999856948853,0.9100000262260437,0.15000000596046448,0.39500001072883606,0.4899999797344208,0.5150000154972076,22.104999542236328,10.0,intra-subjects-seed1234/sub-07-seed1234/checkpoint_test_best.pth
intra-subjects,7,1234,T2,T2_152-300ms,0.6399999856948853,0.9100000262260437,0.12999999523162842,0.3400000035762787,0.5099999904632568,0.570000022649765,22.729999542236328,10.0,intra-subjects-seed1234/sub-07-seed1234/checkpoint_test_best.pth
intra-subjects,7,1234,T3,T3_300-500ms,0.6399999856948853,0.9100000262260437,0.44999998807907104,0.800000011920929,0.1899999976158142,0.11000001430511475,5.400000095367432,2.0,intra-subjects-seed1234/sub-07-seed1234/checkpoint_test_best.pth
intra-subjects,7,1234,T4,T4_500-800ms,0.6399999856948853,0.9100000262260437,0.5149999856948853,0.824999988079071,0.125,0.08500003814697266,5.03000020980835,1.0,intra-subjects-seed1234/sub-07-seed1234/checkpoint_test_best.pth
intra-subjects,7,2025,baseline,,0.6399999856948853,0.8949999809265137,0.6399999856948853,0.8949999809265137,0.0,0.0,2.9600000381469727,1.0,intra-subjects-seed2025/sub-07-seed2025/checkpoint_test_best.pth
intra-subjects,7,2025,T0,T0_0-52ms,0.6399999856948853,0.8949999809265137,0.6150000095367432,0.875,0.02499997615814209,0.019999980926513672,3.0850000381469727,1.0,intra-subjects-seed2025/sub-07-seed2025/checkpoint_test_best.pth
intra-subjects,7,2025,T1,T1_52-152ms,0.6399999856948853,0.8949999809265137,0.1599999964237213,0.4000000059604645,0.47999998927116394,0.4949999749660492,21.274999618530273,9.0,intra-subjects-seed2025/sub-07-seed2025/checkpoint_test_best.pth
intra-subjects,7,2025,T2,T2_152-300ms,0.6399999856948853,0.8949999809265137,0.11999999731779099,0.33000001311302185,0.5199999883770943,0.5649999678134918,24.780000686645508,12.0,intra-subjects-seed2025/sub-07-seed2025/checkpoint_test_best.pth
intra-subjects,7,2025,T3,T3_300-500ms,0.6399999856948853,0.8949999809265137,0.45500001311302185,0.7649999856948853,0.1849999725818634,0.12999999523162842,5.0,2.0,intra-subjects-seed2025/sub-07-seed2025/checkpoint_test_best.pth
intra-subjects,7,2025,T4,T4_500-800ms,0.6399999856948853,0.8949999809265137,0.5149999856948853,0.824999988079071,0.125,0.06999999284744263,4.429999828338623,1.0,intra-subjects-seed2025/sub-07-seed2025/checkpoint_test_best.pth
intra-subjects,7,3407,baseline,,0.6150000095367432,0.9049999713897705,0.6150000095367432,0.9049999713897705,0.0,0.0,2.7750000953674316,1.0,intra-subjects-seed3407/sub-07-seed3407/checkpoint_test_best.pth
intra-subjects,7,3407,T0,T0_0-52ms,0.6150000095367432,0.9049999713897705,0.6150000095367432,0.875,0.0,0.029999971389770508,2.940000057220459,1.0,intra-subjects-seed3407/sub-07-seed3407/checkpoint_test_best.pth
intra-subjects,7,3407,T1,T1_52-152ms,0.6150000095367432,0.9049999713897705,0.1899999976158142,0.41499999165534973,0.42500001192092896,0.4899999797344208,18.545000076293945,9.0,intra-subjects-seed3407/sub-07-seed3407/checkpoint_test_best.pth
intra-subjects,7,3407,T2,T2_152-300ms,0.6150000095367432,0.9049999713897705,0.125,0.32499998807907104,0.49000000953674316,0.5799999833106995,23.40999984741211,11.0,intra-subjects-seed3407/sub-07-seed3407/checkpoint_test_best.pth
intra-subjects,7,3407,T3,T3_300-500ms,0.6150000095367432,0.9049999713897705,0.4650000035762787,0.800000011920929,0.15000000596046448,0.10499995946884155,5.304999828338623,2.0,intra-subjects-seed3407/sub-07-seed3407/checkpoint_test_best.pth
intra-subjects,7,3407,T4,T4_500-800ms,0.6150000095367432,0.9049999713897705,0.5149999856948853,0.8299999833106995,0.10000002384185791,0.07499998807907104,4.775000095367432,1.0,intra-subjects-seed3407/sub-07-seed3407/checkpoint_test_best.pth
intra-subjects,7,42,baseline,,0.6499999761581421,0.8849999904632568,0.6499999761581421,0.8849999904632568,0.0,0.0,2.805000066757202,1.0,intra-subjects-seed42/sub-07-seed42/checkpoint_test_best.pth
intra-subjects,7,42,T0,T0_0-52ms,0.6499999761581421,0.8849999904632568,0.6499999761581421,0.8650000095367432,0.0,0.019999980926513672,2.825000047683716,1.0,intra-subjects-seed42/sub-07-seed42/checkpoint_test_best.pth
intra-subjects,7,42,T1,T1_52-152ms,0.6499999761581421,0.8849999904632568,0.14499999582767487,0.39500001072883606,0.5049999803304672,0.4899999797344208,19.190000534057617,11.0,intra-subjects-seed42/sub-07-seed42/checkpoint_test_best.pth
intra-subjects,7,42,T2,T2_152-300ms,0.6499999761581421,0.8849999904632568,0.125,0.35499998927116394,0.5249999761581421,0.5300000011920929,23.385000228881836,10.0,intra-subjects-seed42/sub-07-seed42/checkpoint_test_best.pth
intra-subjects,7,42,T3,T3_300-500ms,0.6499999761581421,0.8849999904632568,0.4300000071525574,0.75,0.21999996900558472,0.13499999046325684,5.579999923706055,2.0,intra-subjects-seed42/sub-07-seed42/checkpoint_test_best.pth
intra-subjects,7,42,T4,T4_500-800ms,0.6499999761581421,0.8849999904632568,0.5450000166893005,0.8349999785423279,0.10499995946884155,0.050000011920928955,4.565000057220459,1.0,intra-subjects-seed42/sub-07-seed42/checkpoint_test_best.pth
intra-subjects,7,9999,baseline,,0.6200000047683716,0.9049999713897705,0.6200000047683716,0.9049999713897705,0.0,0.0,2.799999952316284,1.0,intra-subjects-seed9999/sub-07-seed9999/checkpoint_test_best.pth
intra-subjects,7,9999,T0,T0_0-52ms,0.6200000047683716,0.9049999713897705,0.6200000047683716,0.8899999856948853,0.0,0.014999985694885254,3.109999895095825,1.0,intra-subjects-seed9999/sub-07-seed9999/checkpoint_test_best.pth
intra-subjects,7,9999,T1,T1_52-152ms,0.6200000047683716,0.9049999713897705,0.1550000011920929,0.4099999964237213,0.4650000035762787,0.4949999749660492,20.475000381469727,8.0,intra-subjects-seed9999/sub-07-seed9999/checkpoint_test_best.pth
intra-subjects,7,9999,T2,T2_152-300ms,0.6200000047683716,0.9049999713897705,0.125,0.3449999988079071,0.4950000047683716,0.5599999725818634,24.2549991607666,13.0,intra-subjects-seed9999/sub-07-seed9999/checkpoint_test_best.pth
intra-subjects,7,9999,T3,T3_300-500ms,0.6200000047683716,0.9049999713897705,0.4300000071525574,0.7850000262260437,0.1899999976158142,0.1199999451637268,4.789999961853027,2.0,intra-subjects-seed9999/sub-07-seed9999/checkpoint_test_best.pth
intra-subjects,7,9999,T4,T4_500-800ms,0.6200000047683716,0.9049999713897705,0.5199999809265137,0.8199999928474426,0.10000002384185791,0.08499997854232788,4.820000171661377,1.0,intra-subjects-seed9999/sub-07-seed9999/checkpoint_test_best.pth
intra-subjects,8,1234,baseline,,0.675000011920929,0.9200000166893005,0.675000011920929,0.9200000166893005,0.0,0.0,2.009999990463257,1.0,intra-subjects-seed1234/sub-08-seed1234/checkpoint_test_best.pth
intra-subjects,8,1234,T0,T0_0-52ms,0.675000011920929,0.9200000166893005,0.6600000262260437,0.9399999976158142,0.014999985694885254,-0.019999980926513672,1.9249999523162842,1.0,intra-subjects-seed1234/sub-08-seed1234/checkpoint_test_best.pth
intra-subjects,8,1234,T1,T1_52-152ms,0.675000011920929,0.9200000166893005,0.4449999928474426,0.7699999809265137,0.23000001907348633,0.15000003576278687,5.385000228881836,2.0,intra-subjects-seed1234/sub-08-seed1234/checkpoint_test_best.pth
intra-subjects,8,1234,T2,T2_152-300ms,0.675000011920929,0.9200000166893005,0.20000000298023224,0.46000000834465027,0.4750000089406967,0.46000000834465027,20.264999389648438,6.0,intra-subjects-seed1234/sub-08-seed1234/checkpoint_test_best.pth
intra-subjects,8,1234,T3,T3_300-500ms,0.675000011920929,0.9200000166893005,0.5450000166893005,0.8700000047683716,0.12999999523162842,0.050000011920928955,3.1700000762939453,1.0,intra-subjects-seed1234/sub-08-seed1234/checkpoint_test_best.pth
intra-subjects,8,1234,T4,T4_500-800ms,0.675000011920929,0.9200000166893005,0.574999988079071,0.8849999904632568,0.10000002384185791,0.0350000262260437,2.805000066757202,1.0,intra-subjects-seed1234/sub-08-seed1234/checkpoint_test_best.pth
intra-subjects,8,2025,baseline,,0.7099999785423279,0.9399999976158142,0.7099999785423279,0.9399999976158142,0.0,0.0,1.9500000476837158,1.0,intra-subjects-seed2025/sub-08-seed2025/checkpoint_test_best.pth
intra-subjects,8,2025,T0,T0_0-52ms,0.7099999785423279,0.9399999976158142,0.699999988079071,0.949999988079071,0.009999990463256836,-0.009999990463256836,1.934999942779541,1.0,intra-subjects-seed2025/sub-08-seed2025/checkpoint_test_best.pth
intra-subjects,8,2025,T1,T1_52-152ms,0.7099999785423279,0.9399999976158142,0.4449999928474426,0.7350000143051147,0.26499998569488525,0.20499998331069946,6.375,2.0,intra-subjects-seed2025/sub-08-seed2025/checkpoint_test_best.pth
intra-subjects,8,2025,T2,T2_152-300ms,0.7099999785423279,0.9399999976158142,0.25,0.45500001311302185,0.4599999785423279,0.48499998450279236,21.594999313354492,6.0,intra-subjects-seed2025/sub-08-seed2025/checkpoint_test_best.pth
intra-subjects,8,2025,T3,T3_300-500ms,0.7099999785423279,0.9399999976158142,0.5899999737739563,0.8550000190734863,0.12000000476837158,0.08499997854232788,3.509999990463257,1.0,intra-subjects-seed2025/sub-08-seed2025/checkpoint_test_best.pth
intra-subjects,8,2025,T4,T4_500-800ms,0.7099999785423279,0.9399999976158142,0.6100000143051147,0.9100000262260437,0.09999996423721313,0.029999971389770508,2.8949999809265137,1.0,intra-subjects-seed2025/sub-08-seed2025/checkpoint_test_best.pth
intra-subjects,8,3407,baseline,,0.6899999976158142,0.9350000023841858,0.6899999976158142,0.9350000023841858,0.0,0.0,2.315000057220459,1.0,intra-subjects-seed3407/sub-08-seed3407/checkpoint_test_best.pth
intra-subjects,8,3407,T0,T0_0-52ms,0.6899999976158142,0.9350000023841858,0.6850000023841858,0.9350000023841858,0.004999995231628418,0.0,2.2699999809265137,1.0,intra-subjects-seed3407/sub-08-seed3407/checkpoint_test_best.pth
intra-subjects,8,3407,T1,T1_52-152ms,0.6899999976158142,0.9350000023841858,0.41499999165534973,0.7350000143051147,0.2750000059604645,0.19999998807907104,5.494999885559082,2.0,intra-subjects-seed3407/sub-08-seed3407/checkpoint_test_best.pth
intra-subjects,8,3407,T2,T2_152-300ms,0.6899999976158142,0.9350000023841858,0.19499999284744263,0.46000000834465027,0.4950000047683716,0.4749999940395355,21.770000457763672,7.0,intra-subjects-seed3407/sub-08-seed3407/checkpoint_test_best.pth
intra-subjects,8,3407,T3,T3_300-500ms,0.6899999976158142,0.9350000023841858,0.5649999976158142,0.8550000190734863,0.125,0.07999998331069946,3.619999885559082,1.0,intra-subjects-seed3407/sub-08-seed3407/checkpoint_test_best.pth
intra-subjects,8,3407,T4,T4_500-800ms,0.6899999976158142,0.9350000023841858,0.6200000047683716,0.875,0.06999999284744263,0.06000000238418579,2.9600000381469727,1.0,intra-subjects-seed3407/sub-08-seed3407/checkpoint_test_best.pth
intra-subjects,8,42,baseline,,0.6800000071525574,0.9399999976158142,0.6800000071525574,0.9399999976158142,0.0,0.0,2.174999952316284,1.0,intra-subjects-seed42/sub-08-seed42/checkpoint_test_best.pth
intra-subjects,8,42,T0,T0_0-52ms,0.6800000071525574,0.9399999976158142,0.6899999976158142,0.949999988079071,-0.009999990463256836,-0.009999990463256836,2.0999999046325684,1.0,intra-subjects-seed42/sub-08-seed42/checkpoint_test_best.pth
intra-subjects,8,42,T1,T1_52-152ms,0.6800000071525574,0.9399999976158142,0.41499999165534973,0.7300000190734863,0.26500001549720764,0.20999997854232788,5.804999828338623,2.0,intra-subjects-seed42/sub-08-seed42/checkpoint_test_best.pth
intra-subjects,8,42,T2,T2_152-300ms,0.6800000071525574,0.9399999976158142,0.20000000298023224,0.45500001311302185,0.48000000417232513,0.48499998450279236,21.989999771118164,7.0,intra-subjects-seed42/sub-08-seed42/checkpoint_test_best.pth
intra-subjects,8,42,T3,T3_300-500ms,0.6800000071525574,0.9399999976158142,0.550000011920929,0.8399999737739563,0.12999999523162842,0.10000002384185791,3.7850000858306885,1.0,intra-subjects-seed42/sub-08-seed42/checkpoint_test_best.pth
intra-subjects,8,42,T4,T4_500-800ms,0.6800000071525574,0.9399999976158142,0.6050000190734863,0.8849999904632568,0.07499998807907104,0.05500000715255737,2.815000057220459,1.0,intra-subjects-seed42/sub-08-seed42/checkpoint_test_best.pth
intra-subjects,8,9999,baseline,,0.7250000238418579,0.949999988079071,0.7250000238418579,0.949999988079071,0.0,0.0,1.9149999618530273,1.0,intra-subjects-seed9999/sub-08-seed9999/checkpoint_test_best.pth
intra-subjects,8,9999,T0,T0_0-52ms,0.7250000238418579,0.949999988079071,0.7049999833106995,0.9599999785423279,0.020000040531158447,-0.009999990463256836,1.940000057220459,1.0,intra-subjects-seed9999/sub-08-seed9999/checkpoint_test_best.pth
intra-subjects,8,9999,T1,T1_52-152ms,0.7250000238418579,0.949999988079071,0.4000000059604645,0.7599999904632568,0.32500001788139343,0.1899999976158142,5.690000057220459,2.0,intra-subjects-seed9999/sub-08-seed9999/checkpoint_test_best.pth
intra-subjects,8,9999,T2,T2_152-300ms,0.7250000238418579,0.949999988079071,0.23000000417232513,0.49000000953674316,0.4950000196695328,0.4599999785423279,19.235000610351562,6.0,intra-subjects-seed9999/sub-08-seed9999/checkpoint_test_best.pth
intra-subjects,8,9999,T3,T3_300-500ms,0.7250000238418579,0.949999988079071,0.5699999928474426,0.8450000286102295,0.15500003099441528,0.10499995946884155,3.5350000858306885,1.0,intra-subjects-seed9999/sub-08-seed9999/checkpoint_test_best.pth
intra-subjects,8,9999,T4,T4_500-800ms,0.7250000238418579,0.949999988079071,0.625,0.9300000071525574,0.10000002384185791,0.019999980926513672,2.3299999237060547,1.0,intra-subjects-seed9999/sub-08-seed9999/checkpoint_test_best.pth
intra-subjects,9,1234,baseline,,0.6200000047683716,0.9049999713897705,0.6200000047683716,0.9049999713897705,0.0,0.0,2.5250000953674316,1.0,intra-subjects-seed1234/sub-09-seed1234/checkpoint_test_best.pth
intra-subjects,9,1234,T0,T0_0-52ms,0.6200000047683716,0.9049999713897705,0.6150000095367432,0.925000011920929,0.004999995231628418,-0.020000040531158447,2.3450000286102295,1.0,intra-subjects-seed1234/sub-09-seed1234/checkpoint_test_best.pth
intra-subjects,9,1234,T1,T1_52-152ms,0.6200000047683716,0.9049999713897705,0.32499998807907104,0.675000011920929,0.29500001668930054,0.22999995946884155,7.985000133514404,3.0,intra-subjects-seed1234/sub-09-seed1234/checkpoint_test_best.pth
intra-subjects,9,1234,T2,T2_152-300ms,0.6200000047683716,0.9049999713897705,0.23000000417232513,0.5600000023841858,0.39000000059604645,0.3449999690055847,12.390000343322754,4.0,intra-subjects-seed1234/sub-09-seed1234/checkpoint_test_best.pth
intra-subjects,9,1234,T3,T3_300-500ms,0.6200000047683716,0.9049999713897705,0.4699999988079071,0.8100000023841858,0.15000000596046448,0.09499996900558472,4.505000114440918,2.0,intra-subjects-seed1234/sub-09-seed1234/checkpoint_test_best.pth
intra-subjects,9,1234,T4,T4_500-800ms,0.6200000047683716,0.9049999713897705,0.6150000095367432,0.8999999761581421,0.004999995231628418,0.004999995231628418,2.8399999141693115,1.0,intra-subjects-seed1234/sub-09-seed1234/checkpoint_test_best.pth
intra-subjects,9,2025,baseline,,0.6000000238418579,0.925000011920929,0.6000000238418579,0.925000011920929,0.0,0.0,2.6500000953674316,1.0,intra-subjects-seed2025/sub-09-seed2025/checkpoint_test_best.pth
intra-subjects,9,2025,T0,T0_0-52ms,0.6000000238418579,0.925000011920929,0.5899999737739563,0.9200000166893005,0.010000050067901611,0.004999995231628418,2.4800000190734863,1.0,intra-subjects-seed2025/sub-09-seed2025/checkpoint_test_best.pth
intra-subjects,9,2025,T1,T1_52-152ms,0.6000000238418579,0.925000011920929,0.38999998569488525,0.6850000023841858,0.21000003814697266,0.24000000953674316,7.78000020980835,2.0,intra-subjects-seed2025/sub-09-seed2025/checkpoint_test_best.pth
intra-subjects,9,2025,T2,T2_152-300ms,0.6000000238418579,0.925000011920929,0.23999999463558197,0.5400000214576721,0.36000002920627594,0.38499999046325684,12.324999809265137,4.0,intra-subjects-seed2025/sub-09-seed2025/checkpoint_test_best.pth
intra-subjects,9,2025,T3,T3_300-500ms,0.6000000238418579,0.925000011920929,0.47999998927116394,0.7799999713897705,0.12000003457069397,0.14500004053115845,5.074999809265137,2.0,intra-subjects-seed2025/sub-09-seed2025/checkpoint_test_best.pth
intra-subjects,9,2025,T4,T4_500-800ms,0.6000000238418579,0.925000011920929,0.6000000238418579,0.8999999761581421,0.0,0.025000035762786865,2.950000047683716,1.0,intra-subjects-seed2025/sub-09-seed2025/checkpoint_test_best.pth
intra-subjects,9,3407,baseline,,0.6050000190734863,0.8949999809265137,0.6050000190734863,0.8949999809265137,0.0,0.0,2.634999990463257,1.0,intra-subjects-seed3407/sub-09-seed3407/checkpoint_test_best.pth
intra-subjects,9,3407,T0,T0_0-52ms,0.6050000190734863,0.8949999809265137,0.6050000190734863,0.8999999761581421,0.0,-0.004999995231628418,2.484999895095825,1.0,intra-subjects-seed3407/sub-09-seed3407/checkpoint_test_best.pth
intra-subjects,9,3407,T1,T1_52-152ms,0.6050000190734863,0.8949999809265137,0.33000001311302185,0.6399999856948853,0.2750000059604645,0.2549999952316284,8.975000381469727,3.0,intra-subjects-seed3407/sub-09-seed3407/checkpoint_test_best.pth
intra-subjects,9,3407,T2,T2_152-300ms,0.6050000190734863,0.8949999809265137,0.22499999403953552,0.5049999952316284,0.3800000250339508,0.38999998569488525,13.460000038146973,5.0,intra-subjects-seed3407/sub-09-seed3407/checkpoint_test_best.pth
intra-subjects,9,3407,T3,T3_300-500ms,0.6050000190734863,0.8949999809265137,0.47999998927116394,0.8349999785423279,0.1250000298023224,0.06000000238418579,4.664999961853027,2.0,intra-subjects-seed3407/sub-09-seed3407/checkpoint_test_best.pth
intra-subjects,9,3407,T4,T4_500-800ms,0.6050000190734863,0.8949999809265137,0.5899999737739563,0.8999999761581421,0.01500004529953003,-0.004999995231628418,3.015000104904175,1.0,intra-subjects-seed3407/sub-09-seed3407/checkpoint_test_best.pth
intra-subjects,9,42,baseline,,0.6050000190734863,0.9300000071525574,0.6050000190734863,0.9300000071525574,0.0,0.0,2.369999885559082,1.0,intra-subjects-seed42/sub-09-seed42/checkpoint_test_best.pth
intra-subjects,9,42,T0,T0_0-52ms,0.6050000190734863,0.9300000071525574,0.6150000095367432,0.925000011920929,-0.009999990463256836,0.004999995231628418,2.299999952316284,1.0,intra-subjects-seed42/sub-09-seed42/checkpoint_test_best.pth
intra-subjects,9,42,T1,T1_52-152ms,0.6050000190734863,0.9300000071525574,0.3449999988079071,0.6700000166893005,0.2600000202655792,0.25999999046325684,8.489999771118164,2.0,intra-subjects-seed42/sub-09-seed42/checkpoint_test_best.pth
intra-subjects,9,42,T2,T2_152-300ms,0.6050000190734863,0.9300000071525574,0.2549999952316284,0.5550000071525574,0.3500000238418579,0.375,10.885000228881836,4.0,intra-subjects-seed42/sub-09-seed42/checkpoint_test_best.pth
intra-subjects,9,42,T3,T3_300-500ms,0.6050000190734863,0.9300000071525574,0.4650000035762787,0.8149999976158142,0.14000001549720764,0.11500000953674316,4.769999980926514,2.0,intra-subjects-seed42/sub-09-seed42/checkpoint_test_best.pth
intra-subjects,9,42,T4,T4_500-800ms,0.6050000190734863,0.9300000071525574,0.5400000214576721,0.8999999761581421,0.06499999761581421,0.030000030994415283,2.940000057220459,1.0,intra-subjects-seed42/sub-09-seed42/checkpoint_test_best.pth
intra-subjects,9,9999,baseline,,0.625,0.9300000071525574,0.625,0.9300000071525574,0.0,0.0,2.509999990463257,1.0,intra-subjects-seed9999/sub-09-seed9999/checkpoint_test_best.pth
intra-subjects,9,9999,T0,T0_0-52ms,0.625,0.9300000071525574,0.6549999713897705,0.9399999976158142,-0.029999971389770508,-0.009999990463256836,2.240000009536743,1.0,intra-subjects-seed9999/sub-09-seed9999/checkpoint_test_best.pth
intra-subjects,9,9999,T1,T1_52-152ms,0.625,0.9300000071525574,0.33500000834465027,0.7049999833106995,0.28999999165534973,0.2250000238418579,7.650000095367432,3.0,intra-subjects-seed9999/sub-09-seed9999/checkpoint_test_best.pth
intra-subjects,9,9999,T2,T2_152-300ms,0.625,0.9300000071525574,0.23000000417232513,0.5649999976158142,0.39499999582767487,0.36500000953674316,12.59000015258789,4.0,intra-subjects-seed9999/sub-09-seed9999/checkpoint_test_best.pth
intra-subjects,9,9999,T3,T3_300-500ms,0.625,0.9300000071525574,0.48500001430511475,0.7950000166893005,0.13999998569488525,0.13499999046325684,4.625,2.0,intra-subjects-seed9999/sub-09-seed9999/checkpoint_test_best.pth
intra-subjects,9,9999,T4,T4_500-800ms,0.625,0.9300000071525574,0.625,0.9200000166893005,0.0,0.009999990463256836,2.8399999141693115,1.0,intra-subjects-seed9999/sub-09-seed9999/checkpoint_test_best.pth
intra-subjects,10,1234,baseline,,0.7400000095367432,0.9800000190734863,0.7400000095367432,0.9800000190734863,0.0,0.0,1.815000057220459,1.0,intra-subjects-seed1234/sub-10-seed1234/checkpoint_test_best.pth
intra-subjects,10,1234,T0,T0_0-52ms,0.7400000095367432,0.9800000190734863,0.7649999856948853,0.9599999785423279,-0.02499997615814209,0.020000040531158447,1.9900000095367432,1.0,intra-subjects-seed1234/sub-10-seed1234/checkpoint_test_best.pth
intra-subjects,10,1234,T1,T1_52-152ms,0.7400000095367432,0.9800000190734863,0.33500000834465027,0.7250000238418579,0.4050000011920929,0.2549999952316284,6.514999866485596,2.0,intra-subjects-seed1234/sub-10-seed1234/checkpoint_test_best.pth
intra-subjects,10,1234,T2,T2_152-300ms,0.7400000095367432,0.9800000190734863,0.20000000298023224,0.4350000023841858,0.5400000065565109,0.5450000166893005,18.05500030517578,8.0,intra-subjects-seed1234/sub-10-seed1234/checkpoint_test_best.pth
intra-subjects,10,1234,T3,T3_300-500ms,0.7400000095367432,0.9800000190734863,0.5550000071525574,0.8600000143051147,0.1850000023841858,0.12000000476837158,3.359999895095825,1.0,intra-subjects-seed1234/sub-10-seed1234/checkpoint_test_best.pth
intra-subjects,10,1234,T4,T4_500-800ms,0.7400000095367432,0.9800000190734863,0.6650000214576721,0.925000011920929,0.07499998807907104,0.05500000715255737,2.75,1.0,intra-subjects-seed1234/sub-10-seed1234/checkpoint_test_best.pth
intra-subjects,10,2025,baseline,,0.7300000190734863,0.9800000190734863,0.7300000190734863,0.9800000190734863,0.0,0.0,1.684999942779541,1.0,intra-subjects-seed2025/sub-10-seed2025/checkpoint_test_best.pth
intra-subjects,10,2025,T0,T0_0-52ms,0.7300000190734863,0.9800000190734863,0.699999988079071,0.9750000238418579,0.030000030994415283,0.004999995231628418,1.8200000524520874,1.0,intra-subjects-seed2025/sub-10-seed2025/checkpoint_test_best.pth
intra-subjects,10,2025,T1,T1_52-152ms,0.7300000190734863,0.9800000190734863,0.33000001311302185,0.6549999713897705,0.4000000059604645,0.3250000476837158,6.659999847412109,2.0,intra-subjects-seed2025/sub-10-seed2025/checkpoint_test_best.pth
intra-subjects,10,2025,T2,T2_152-300ms,0.7300000190734863,0.9800000190734863,0.20000000298023224,0.46000000834465027,0.5300000160932541,0.5200000107288361,16.7549991607666,7.0,intra-subjects-seed2025/sub-10-seed2025/checkpoint_test_best.pth
intra-subjects,10,2025,T3,T3_300-500ms,0.7300000190734863,0.9800000190734863,0.5299999713897705,0.8650000095367432,0.20000004768371582,0.11500000953674316,2.950000047683716,1.0,intra-subjects-seed2025/sub-10-seed2025/checkpoint_test_best.pth
intra-subjects,10,2025,T4,T4_500-800ms,0.7300000190734863,0.9800000190734863,0.6650000214576721,0.9200000166893005,0.06499999761581421,0.06000000238418579,2.569999933242798,1.0,intra-subjects-seed2025/sub-10-seed2025/checkpoint_test_best.pth
intra-subjects,10,3407,baseline,,0.7599999904632568,0.9700000286102295,0.7599999904632568,0.9700000286102295,0.0,0.0,1.8200000524520874,1.0,intra-subjects-seed3407/sub-10-seed3407/checkpoint_test_best.pth
intra-subjects,10,3407,T0,T0_0-52ms,0.7599999904632568,0.9700000286102295,0.7200000286102295,0.9449999928474426,0.039999961853027344,0.025000035762786865,2.0999999046325684,1.0,intra-subjects-seed3407/sub-10-seed3407/checkpoint_test_best.pth
intra-subjects,10,3407,T1,T1_52-152ms,0.7599999904632568,0.9700000286102295,0.3499999940395355,0.6899999976158142,0.4099999964237213,0.2800000309944153,6.480000019073486,2.0,intra-subjects-seed3407/sub-10-seed3407/checkpoint_test_best.pth
intra-subjects,10,3407,T2,T2_152-300ms,0.7599999904632568,0.9700000286102295,0.20499999821186066,0.4650000035762787,0.5549999922513962,0.5050000250339508,16.299999237060547,7.0,intra-subjects-seed3407/sub-10-seed3407/checkpoint_test_best.pth
intra-subjects,10,3407,T3,T3_300-500ms,0.7599999904632568,0.9700000286102295,0.5400000214576721,0.8500000238418579,0.21999996900558472,0.12000000476837158,3.309999942779541,1.0,intra-subjects-seed3407/sub-10-seed3407/checkpoint_test_best.pth
intra-subjects,10,3407,T4,T4_500-800ms,0.7599999904632568,0.9700000286102295,0.6850000023841858,0.9200000166893005,0.07499998807907104,0.050000011920928955,2.9200000762939453,1.0,intra-subjects-seed3407/sub-10-seed3407/checkpoint_test_best.pth
intra-subjects,10,42,baseline,,0.7099999785423279,0.9700000286102295,0.7099999785423279,0.9700000286102295,0.0,0.0,1.659999966621399,1.0,intra-subjects-seed42/sub-10-seed42/checkpoint_test_best.pth
intra-subjects,10,42,T0,T0_0-52ms,0.7099999785423279,0.9700000286102295,0.7250000238418579,0.9599999785423279,-0.01500004529953003,0.010000050067901611,1.7899999618530273,1.0,intra-subjects-seed42/sub-10-seed42/checkpoint_test_best.pth
intra-subjects,10,42,T1,T1_52-152ms,0.7099999785423279,0.9700000286102295,0.3400000035762787,0.7200000286102295,0.3699999749660492,0.25,5.985000133514404,2.0,intra-subjects-seed42/sub-10-seed42/checkpoint_test_best.pth
intra-subjects,10,42,T2,T2_152-300ms,0.7099999785423279,0.9700000286102295,0.19499999284744263,0.4650000035762787,0.5149999856948853,0.5050000250339508,17.28499984741211,7.0,intra-subjects-seed42/sub-10-seed42/checkpoint_test_best.pth
intra-subjects,10,42,T3,T3_300-500ms,0.7099999785423279,0.9700000286102295,0.550000011920929,0.875,0.15999996662139893,0.09500002861022949,3.240000009536743,1.0,intra-subjects-seed42/sub-10-seed42/checkpoint_test_best.pth
intra-subjects,10,42,T4,T4_500-800ms,0.7099999785423279,0.9700000286102295,0.675000011920929,0.9300000071525574,0.034999966621398926,0.04000002145767212,2.484999895095825,1.0,intra-subjects-seed42/sub-10-seed42/checkpoint_test_best.pth
intra-subjects,10,9999,baseline,,0.7350000143051147,0.9700000286102295,0.7350000143051147,0.9700000286102295,0.0,0.0,1.7200000286102295,1.0,intra-subjects-seed9999/sub-10-seed9999/checkpoint_test_best.pth
intra-subjects,10,9999,T0,T0_0-52ms,0.7350000143051147,0.9700000286102295,0.7049999833106995,0.9649999737739563,0.030000030994415283,0.005000054836273193,1.9049999713897705,1.0,intra-subjects-seed9999/sub-10-seed9999/checkpoint_test_best.pth
intra-subjects,10,9999,T1,T1_52-152ms,0.7350000143051147,0.9700000286102295,0.33500000834465027,0.699999988079071,0.4000000059604645,0.27000004053115845,6.324999809265137,2.0,intra-subjects-seed9999/sub-10-seed9999/checkpoint_test_best.pth
intra-subjects,10,9999,T2,T2_152-300ms,0.7350000143051147,0.9700000286102295,0.20999999344348907,0.4749999940395355,0.5250000208616257,0.49500003457069397,16.9950008392334,7.0,intra-subjects-seed9999/sub-10-seed9999/checkpoint_test_best.pth
intra-subjects,10,9999,T3,T3_300-500ms,0.7350000143051147,0.9700000286102295,0.5199999809265137,0.875,0.21500003337860107,0.09500002861022949,3.25,1.0,intra-subjects-seed9999/sub-10-seed9999/checkpoint_test_best.pth
intra-subjects,10,9999,T4,T4_500-800ms,0.7350000143051147,0.9700000286102295,0.6299999952316284,0.9300000071525574,0.10500001907348633,0.04000002145767212,2.559999942779541,1.0,intra-subjects-seed9999/sub-10-seed9999/checkpoint_test_best.pth
